<?xml version="1.0" encoding="UTF-8"?>
<!--Exported from LabKey Server at http://localhost:8080/labkey/project/SurveyTest/begin.view by cnathe@labkey.com on Fri Jan 04 09:25:51 CST 2013-->
<tables xmlns="http://labkey.org/data/xml">
  <table tableName="listA" tableDbType="TABLE">
    <columns>
      <column columnName="key">
        <datatype>integer</datatype>
        <columnTitle>Key</columnTitle>
        <nullable>false</nullable>
        <isHidden>true</isHidden>
        <isKeyField>true</isKeyField>
        <isAutoInc>true</isAutoInc>
      </column>
      <column columnName="txtField">
        <datatype>varchar</datatype>
        <columnTitle>Txt Field</columnTitle>
      </column>
      <column columnName="txtAreaField">
        <datatype>varchar</datatype>
        <inputType>textarea</inputType>
        <columnTitle>Txt Area Field</columnTitle>
      </column>
      <column columnName="boolField">
        <datatype>boolean</datatype>
        <columnTitle>Bool Field</columnTitle>
      </column>
      <column columnName="intField">
        <datatype>integer</datatype>
        <columnTitle>Int Field</columnTitle>
      </column>
      <column columnName="dblField">
        <datatype>double</datatype>
        <columnTitle>Dbl Field</columnTitle>
      </column>
      <column columnName="dtField">
        <datatype>timestamp</datatype>
        <columnTitle>Dt Field</columnTitle>
      </column>
      <column columnName="attField">
        <datatype>Attachment</datatype>
        <columnTitle>Att Field</columnTitle>
      </column>
      <column columnName="lkField">
        <datatype>integer</datatype>
        <columnTitle>Lk Field</columnTitle>
        <fk>
          <fkDbSchema>lists</fkDbSchema>
          <fkTable>lookup</fkTable>
          <fkColumnName>key</fkColumnName>
        </fk>
      </column>
    </columns>
    <pkColumnName>key</pkColumnName>
  </table>
  <table tableName="lookup" tableDbType="TABLE">
    <columns>
      <column columnName="key">
        <datatype>integer</datatype>
        <columnTitle>Key</columnTitle>
        <nullable>false</nullable>
        <measure>false</measure>
        <isKeyField>true</isKeyField>
      </column>
      <column columnName="value">
        <datatype>varchar</datatype>
        <columnTitle>Value</columnTitle>
      </column>
    </columns>
    <pkColumnName>key</pkColumnName>
  </table>
</tables>