Index	ParticipantID	VisitID	SpecimenID	Date
1	ListParticipant1	1001.1		
2	ListParticipant2	1001.2		
3	ListParticipant3	1001.3		
4	ListParticipant4	1001.4		
5	ListParticipant5	1001.5		
6	ListParticipant6	1001.6		
7	ListParticipant7	1001.7		
8	ListParticipant8	1001.8		
9	ListParticipant9	1001.9		
10	ListParticipant10	1001.10		
11	ListParticipant11	1001.11		
C1	ListParticipantC1	1001.001		
C2	ListParticipantC2	1001.002		
275001	ListParticipant275001	1001.275001		
275005	ListParticipant275005	1001.275005		
275010	ListParticipant275010	1001.275010		
275-12M	ListParticipant275-12M	1001.27512		
335001	ListParticipant335001	1001.335001		
335006	ListParticipant335006	1001.335006		
335-12M	ListParticipant335-12M	1001.33512		
9016-05	ListParticipant9016-05	1001.901605		
9016-06	ListParticipant9016-06	1001.901606		
9016-07	ListParticipant9016-07	1001.901607		
9016-08	ListParticipant9016-08	1001.901608		
9016-09	ListParticipant9016-09	1001.901609		
9016-10	ListParticipant9016-10	1001.901610		
9021-01	ListParticipant9021-01	1001.902101		
9021-02	ListParticipant9021-02	1001.902102		
9021-03	ListParticipant9021-03	1001.902103		
9021-04	ListParticipant9021-04	1001.902104		
9021-05	ListParticipant9021-05	1001.902105		
9021-06	ListParticipant9021-06	1001.902106		
9021-07	ListParticipant9021-07	1001.902107		
9021-08	ListParticipant9021-08	1001.902108		
9021-09	ListParticipant9021-09	1001.902109		
9021-10	ListParticipant9021-10	1001.902110		
9021-11	ListParticipant9021-11	1001.902111		
9021-12	ListParticipant9021-12	1001.902112		
9021-13	ListParticipant9021-13	1001.902113		
9021-14	ListParticipant9021-14	1001.902114		
9021-15	ListParticipant9021-15	1001.902115		
9021-16	ListParticipant9021-16	1001.902116		
9021-17	ListParticipant9021-17	1001.902117		
9011-01	ListParticipant9011-01	1001.901101		
9011-02	ListParticipant9011-02	1001.901102		
9011-03	ListParticipant9011-03	1001.901103		
9011-04	ListParticipant9011-04	1001.901104		
9016-01	ListParticipant9016-01	1001.901601
9016-02	ListParticipant9016-02	1001.901602
9016-03	ListParticipant9016-03	1001.901603
9016-04	ListParticipant9016-04	1001.901604
Standard1	ListParticipantStandard1	1001.0001
FakeSample57	ListParticipantFakeSample57	1001.0057
FakeSample1	ListParticipantFakeSample1	1001.0001


