Key	Specimen Species	Species Common Name	Species Short Name
1	Allenopithecus nigroviridis	Allen's Swamp Monkey	
2	Allocebus trichotis	Hairy-eared Dwarf Lemur	
3	Alouatta belzebul	Red-handed Howler	
4	Alouatta caraya	Black Howler	
5	Alouatta coibensis	Coiba Island Howler	
6	Alouatta guariba	Brown Howler	
7	Alouatta macconnelli	Guyanan Red Howler	
8	Alouatta nigerrima	Amazon Black Howler	
9	Alouatta palliata	Mantled Howler	
10	Alouatta pigra	Guatemalan Black Howler	
11	Alouatta sara	Bolivian Red Howler	
12	Alouatta seniculus	Venezuelan Red Howler	
13	Aotus azarae	Azara's Night Monkey	
14	Aotus hershkovitzi	Hershkovitz's Night Monkey	
15	Aotus lemurinus	Gray-bellied Night Monkey	
16	Aotus miconax	Peruvian Night Monkey	
17	Aotus nancymae	Nancy Ma's Night Monkey	
18	Aotus nigriceps	Black-headed Night Monkey	
19	Aotus trivirgatus	Three-striped Night Monkey	
20	Aotus vociferans	Spix's Night Monkey	
21	Arctocebus aureus	Golden Angwantibo	
22	Arctocebus calabarensis	Calabar Angwantibo	
23	Ateles belzebuth	White-fronted Spider Monkey	
24	Ateles chamek	Peruvian Spider Monkey	
25	Ateles fusciceps	Black-headed Spider Monkey	
26	Ateles geoffroyi	Geoffroy's Spider Monkey	
27	Ateles hybridus	Brown Spider Monkey	
28	Ateles marginatus	White-cheeked Spider Monkey	
29	Ateles paniscus	Red-faced Spider Monkey	
30	Avahi betsileo	Betsileo Woolly Lemur	
31	Avahi cleesei	Bemaraha Woolly Lemur	
32	Avahi laniger	Eastern Woolly Lemur	
33	Avahi meridionalis	Southern Woolly Lemur	
34	Avahi mooreorum	Moore's Woolly Lemur	
35	Avahi occidentalis	Western Woolly Lemur	
36	Avahi peyrierasi	Peyrieras' Woolly Lemur	
37	Avahi ramanantsoavani	Ramanantsoavana's Woolly Lemur	
38	Avahi unicolor	Sambirano Woolly Lemur	
39	Brachyteles arachnoides	Southern Muriqui	
40	Brachyteles hypoxanthus	Northern Muriqui	
41	Cacajao ayresii	Arac· Uakari	
42	Cacajao calvus	Bald Uakari	
43	Cacajao hosomi	Neblina Uakari	
44	Cacajao melanocephalus	Black-headed Uakari	
45	Callicebus aureipalatii	GoldenPalace.com Monkey	
46	CallicebusCallicebus baptista	Baptista Lake Titi	
47	CallicebusCallicebus barbarabrownae	Barbara Brown's Titi	
48	CallicebusCallicebus bernhardi	Prince Bernhard's Titi	
49	CallicebusCallicebus brunneus	Brown Titi	
50	CallicebusCallicebus caligatus	Chestnut-bellied Titi	
51	CallicebusCallicebus cinerascens	Ashy Black Titi	
52	CallicebusCallicebus coimbrai	Coimbra Filho's Titi	
53	CallicebusCallicebus cupreus	Coppery Titi	
54	CallicebusCallicebus discolor	White-tailed Titi	
55	CallicebusCallicebus donacophilus	White-eared Titi	
56	CallicebusCallicebus dubius	Hershkovitz's Titi	
57	CallicebusCallicebus hoffmannsi	Hoffmanns's Titi	
58	CallicebusCallicebus melanochir	Coastal Black-handed Titi	
59	CallicebusCallicebus modestus	Rio Beni Titi	
60	CallicebusCallicebus moloch	Red-bellied Titi	
61	CallicebusCallicebus nigrifrons	Black-fronted Titi	
62	CallicebusCallicebus oenanthe	Rio Mayo Titi	
63	CallicebusCallicebus olallae	Ollala Brothers' Titi	
64	CallicebusCallicebus ornatus	Ornate Titi	
65	CallicebusCallicebus pallescens	White-coated Titi	
66	CallicebusCallicebus personatus	Atlantic Titi	
67	CallicebusCallicebus stephennashi	Stephen Nash's Titi	
68	CallicebusTorquatus lucifer	Lucifer Titi	
69	CallicebusTorquatus lugens	Black Titi	
70	CallicebusTorquatus medemi	Colombian Black-handed Titi	
71	CallicebusTorquatus purinus	Rio Purus Titi	
72	CallicebusTorquatus regulus	Red-headed Titi	
73	CallicebusTorquatus torquatus	Collared Titi	
74	Callimico goeldii	Goeldi's Marmoset	
75	Callithrix aurita	Buffy-tufted Marmoset	
76	Callithrix flaviceps	Buffy-headed Marmoset	
77	Callithrix geoffroyi	White-headed Marmoset	
78	Callithrix jacchus	Common Marmoset	
79	Callithrix kuhlii	Wied's Marmoset	
80	Callithrix penicillata	Black-tufted Marmoset	
81	CallithrixCallibella humilis	Roosmalens' Dwarf Marmoset	
82	CallithrixCebuella pygmaea	Pygmy Marmoset	
83	CallithrixMico acariensis	Rio Acari Marmoset	
84	CallithrixMico argentata	Silvery Marmoset	
85	CallithrixMico chrysoleuca	Gold-and-white Marmoset	
86	CallithrixMico emiliae	Emilia's Marmoset	
87	CallithrixMico humeralifera	Santarem Marmoset	
88	CallithrixMico intermedia	Hershkovitz's Marmoset	
89	CallithrixMico leucippe	White Marmoset	
90	CallithrixMico manicorensis	Manicore Marmoset	
91	CallithrixMico marcai	Marca's Marmoset	
92	CallithrixMico mauesi	MauÈs Marmoset	
93	CallithrixMico melanura	Black-tailed Marmoset	
94	CallithrixMico nigriceps	Black-headed Marmoset	
95	Cebus albifrons	White-fronted Capuchin	
96	Cebus apella	Tufted Capuchin	
97	Cebus capucinus	White-headed Capuchin	
98	Cebus flavius	Blond Capuchin	
99	Cebus kaapori	Kaapori Capuchin	
100	Cebus libidinosus	Black-striped Capuchin	
101	Cebus nigritus	Black Capuchin	
102	Cebus olivaceus	Weeper Capuchin	
103	Cebus xanthosternos	Golden-bellied Capuchin	
104	Cercocebus agilis	Agile Mangabey	
105	Cercocebus atys	Sooty Mangabey	Sooty mangabey
106	Cercocebus chrysogaster	Golden-bellied Mangabey	
107	Cercocebus galeritus	Tana River Mangabey	
108	Cercocebus sanjei	Sanje Mangabey	
109	Cercocebus torquatus	Collared Mangabey	
110	Cercopithecus albogularis	Sykes's Monkey	
111	Cercopithecus ascanius	Red-tailed Monkey	
112	Cercopithecus campbelli	Campbell's Mona Monkey	
113	Cercopithecus cephus	Moustached Guenon	
114	Cercopithecus denti	Dent's Mona Monkey	
115	Cercopithecus diana	Diana Monkey	
116	Cercopithecus doggetti	Silver Monkey	
117	Cercopithecus dryas	Dryas Monkey or Salongo Monkey	
118	Cercopithecus erythrogaster	White-throated Guenon	
119	Cercopithecus erythrotis	Red-eared Guenon	
120	Cercopithecus hamlyni	Hamlyn's Monkey or Owl-faced Monkey	
121	Cercopithecus kandti	Golden Monkey	
122	Cercopithecus lhoesti	L'Hoest's Monkey	
123	Cercopithecus lowei	Lowe's Mona Monkey	
124	Cercopithecus mitis	Blue Monkey	
125	Cercopithecus mona	Mona Monkey	
126	Cercopithecus neglectus	De Brazza's Monkey	
127	Cercopithecus nictitans	Greater Spot-nosed Monkey	
128	Cercopithecus petaurista	Lesser Spot-nosed Monkey	
129	Cercopithecus pogonias	Crested Mona Monkey	
130	Cercopithecus preussi	Preuss's Monkey	
131	Cercopithecus roloway	Roloway Monkey	
132	Cercopithecus sclateri	Sclater's Guenon	
133	Cercopithecus solatus	Sun-tailed Monkey	
134	Cercopithecus wolfi	Wolf's Mona Monkey	
135	Cheirogaleus adipicaudatus	Southern Fat-tailed Dwarf Lemur	
136	Cheirogaleus crossleyi	Furry-eared Dwarf Lemur	
137	Cheirogaleus major	Greater Dwarf Lemur	
138	Cheirogaleus medius	Fat-tailed Dwarf Lemur	
139	Cheirogaleus minusculus	Lesser Iron-gray Dwarf Lemur	
140	Cheirogaleus ravus	Greater Iron-gray Dwarf Lemur	
141	Cheirogaleus sibreei	Sibree's Dwarf Lemur	
142	Chiropotes albinasus	White-nosed Saki	
143	Chiropotes chiropotes	Red-backed Bearded Saki	
144	Chiropotes israelita	Brown-backed Bearded Saki	
145	Chiropotes satanas	Black Bearded Saki	
146	Chiropotes utahickae	Uta Hick's Bearded Saki	
147	Chlorocebus aethiops	Grivet	
148	Chlorocebus cynosuros	Malbrouck	
149	Chlorocebus djamdjamensis	Bale Mountains Vervet	
150	Chlorocebus pygerythrus	Vervet Monkey	Vervet monkey
151	Chlorocebus sabaeus	Green Monkey	
152	Chlorocebus tantalus	Tantalus Monkey	
153	Colobus angolensis	Angola Colobus	
154	Colobus guereza	Mantled Guereza	
155	Colobus polykomos	King Colobus	
156	Colobus satanas	Black Colobus	
157	Colobus vellerosus	Ursine Colobus	
158	Daubentonia madagascariensis	Aye-aye	
159	Erythrocebus patas	Patas Monkey	
160	Escherichia coli	E. Coli	E. Coli
161	Eulemur albifrons	White-headed Lemur	
162	Eulemur cinereiceps	Gray-headed Lemur	
163	Eulemur collaris	Collared Brown Lemur	
164	Eulemur coronatus	Crowned Lemur	
165	Eulemur flavifrons	Sclater's Lemur	
166	Eulemur fulvus	Common Brown Lemur	
167	Eulemur macaco	Black Lemur	
168	Eulemur mongoz	Mongoose Lemur	
169	Eulemur rubriventer	Red-bellied Lemur	
170	Eulemur rufifrons	Red-fronted Lemur	
171	Eulemur rufus	Red Lemur	
172	Eulemur sanfordi	Sanford's Brown Lemur	
173	Euoticus elegantulus	Southern Needle-clawed Bushbaby	
174	Euoticus pallidus	Northern Needle-clawed Bushbaby	
175	Galago alleni	Bioko Allen's Bushbaby	
176	Galago cameronensis	Cross River Bushbaby	
177	Galago demidoff	Prince Demidoff's Bushbaby	
178	Galago gabonensis	Gabon Bushbaby	
179	Galago gallarum	Somali Bushbaby	
180	Galago granti	Grant's Bushbaby	
181	Galago matschiei	Dusky Bushbaby	
182	Galago moholi	Mohol Bushbaby	
183	Galago nyasae	Malawi Bushbaby	
184	Galago orinus	Uluguru Bushbaby	
185	Galago rondoensis	Rondo Bushbaby	
186	Galago senegalensis	Senegal Bushbaby	
187	Galago thomasi	Thomas's Bushbaby	
188	Galago zanzibaricus	Zanzibar Bushbaby	
189	Gorilla beringei	Eastern Gorilla	
190	Gorilla gorilla	Western Gorilla	
191	Hapalemur alaotrensis	Lac Alaotra Gentle Lemur	
192	Hapalemur aureus	Golden Bamboo Lemur	
193	Hapalemur gilberti	Gilbert's Bamboo Lemur	
194	Hapalemur griseus	Eastern Lesser Bamboo Lemur	
195	Hapalemur meridionalis	Southern Lesser Bamboo Lemur	
196	Hapalemur occidentalis	Western Lesser Bamboo Lemur	
197	Homo sapiens	Human	Human
198	Hoolock hoolock	Western Hoolock Gibbon	
199	Hoolock leuconedys	Eastern Hoolock Gibbon	
200	Human immunodeficiency virus	HIV	HIV
201	Hylobates agilis	Agile Gibbon or Black-handed Gibbon	
202	Hylobates klossii	Kloss's Gibbon or Mentawai Gibbon or Bilou	
203	Hylobates lar	Lar Gibbon or White-handed Gibbon	
204	Hylobates moloch	Silvery Gibbon	
205	Hylobates muelleri	M¸ller's Bornean Gibbon	
206	Hylobates pileatus	Pileated Gibbon or Capped Gibbon	
207	Indri indri	Indri	
208	Lagothrix cana	Gray Woolly Monkey	
209	Lagothrix lagotricha	Brown Woolly Monkey	
210	Lagothrix lugens	Colombian Woolly Monkey	
211	Lagothrix poeppigii	Silvery Woolly Monkey	
212	Lemur catta	Ring-tailed Lemur	
213	Leontopithecus caissara	Superagui Lion Tamarin	
214	Leontopithecus chrysomelas	Golden-headed Lion Tamarin	
215	Leontopithecus chrysopygus	Black Lion Tamarin	
216	Leontopithecus rosalia	Golden Lion Tamarin	
217	Lepilemur aeeclis	Aeecl's Sportive Lemur	
218	Lepilemur ahmansoni	Ahmanson's Sportive Lemur	
219	Lepilemur ankaranensis	Ankarana Sportive Lemur	
220	Lepilemur betsileo	Betsileo Sportive Lemur	
221	Lepilemur dorsalis	Gray-backed Sportive Lemur	
222	Lepilemur edwardsi	Milne-Edwards' Sportive Lemur	
223	Lepilemur fleuretae	Fleurete's Sportive Lemur	
224	Lepilemur grewcocki	Grewcock's Sportive Lemur	
225	Lepilemur hubbardi	Hubbard's Sportive Lemur	
226	Lepilemur jamesi	James' Sportive Lemur	
227	Lepilemur leucopus	White-footed Sportive Lemur	
228	Lepilemur microdon	Small-toothed Sportive Lemur	
229	Lepilemur milanoii	Ring Sportive Lemur	
230	Lepilemur mittermeieri	Mittermeier's Sportive Lemur	
231	Lepilemur mustelinus	Weasel Sportive Lemur	
232	Lepilemur otto	Otto's Sportive Lemur	
233	Lepilemur petteri	Petter's Sportive Lemur	
234	Lepilemur randrianasoli	Randrianasoli's Sportive Lemur	
235	Lepilemur ruficaudatus	Red-tailed Sportive Lemur	
236	Lepilemur sahamalazensis	Sahamalaza Sportive Lemur	
237	Lepilemur scottorum	Scott's Sportive Lemur	
238	Lepilemur seali	Seal's Sportive Lemur	
239	Lepilemur septentrionalis	Northern Sportive Lemur	
240	Lepilemur tymerlachsoni	Hawks' Sportive Lemur	
241	Lepilemur wrighti	Wright's Sportive Lemur	
242	Lophocebus albigena	Grey-cheeked Mangabey	
243	Lophocebus aterrimus	Black Crested Mangabey	
244	Lophocebus johnstoni	Johnston's Mangabey	
245	Lophocebus opdenboschi	Opdenbosch's Mangabey	
246	Lophocebus osmani	Osman Hill's Mangabey	
247	Lophocebus ugandae	Uganda Mangabey	
248	Loris lydekkerianus	Gray Slender Loris	
249	Loris tardigradus	Red Slender Loris	
250	Macaca arctoides	Stump-tailed Macaque or Bear Macaque	
251	Macaca assamensis	Assam Macaque	
252	Macaca cyclopis	Formosan Rock Macaque	
253	Macaca fascicularis	Cynomolgus or Crab-eating Macaque or Long-tailed Macaque or Kera	Cynomolgus macaque
254	Macaca fuscata	Japanese Macaque	Japanese macaque
255	Macaca hecki	Heck's Macaque	
256	Macaca leonina	Northern Pig-tailed Macaque	
257	Macaca maura	Moor Macaque	
258	Macaca mulatta	Rhesus Macaque	Rhesus macaque
259	Macaca munzala	Arunachal Macaque or Munzala	
260	Macaca nemestrina	Southern Pig-tailed Macaque or Beruk	Pig-tailed macaque
261	Macaca nigra	"Celebes Crested Macaque or Black ""Ape"""	
262	Macaca nigrescens	Gorontalo Macaque	
263	Macaca ochreata	Booted Macaque	
264	Macaca pagensis	Pagai Island Macaque or Bokkoi	
265	Macaca radiata	Bonnet Macaque	
266	Macaca siberu	Siberut Macaque	
267	Macaca silenus	Lion-tailed Macaque	
268	Macaca sinica	Toque Macaque	
269	Macaca sylvanus	Barbary Macaque	
270	Macaca thibetana	Tibetan Macaque or Milne-Edwards' Macaque	
271	Macaca tonkeana	Tonkean Macaque	
272	Mandrillus leucophaeus	Drill	
273	Mandrillus sphinx	Mandrill	
274	Microcebus berthae	Madame Berthe's Mouse Lemur	
275	Microcebus bongolavensis	Bongolava Mouse Lemur	
276	Microcebus danfossi	Danfoss' Mouse Lemur	
277	Microcebus griseorufus	Reddish-gray Mouse Lemur	
278	Microcebus jollyae	Jolly's Mouse Lemur	
279	Microcebus lehilahytsara	Goodman's Mouse Lemur	
280	Microcebus lokobensis	Lokobe Mouse Lemur	
281	Microcebus mamiratra	Claire's Mouse Lemur	
282	Microcebus mittermeieri	Mittermeier's Mouse Lemur	
283	Microcebus murinus	Gray Mouse Lemur	
284	Microcebus myoxinus	Pygmy Mouse Lemur	
285	Microcebus ravelobensis	Golden-brown Mouse Lemur	
286	Microcebus rufus	Brown Mouse Lemur	
287	Microcebus sambiranensis	Sambirano Mouse Lemur	
288	Microcebus simmonsi	Simmons' Mouse Lemur	
289	Microcebus tavaratra	Northern Rufous Mouse Lemur	
290	Miopithecus ogouensis	Gabon Talapoin	
291	Miopithecus talapoin	Angolan Talapoin	
292	Mirza coquereli	Coquerel's Giant Mouse Lemur or Coquerel's Mouse Lemur	
293	Mirza zaza	Northern Giant Mouse Lemur	
294	Nasalis larvatus	Proboscis Monkey	
295	Nomascus concolor	Concolor or Black Crested Gibbon	
296	Nomascus gabriellae	Yellow-cheeked Gibbon	
297	Nomascus leucogenys	White-cheeked Crested Gibbon	
298	Nomascus nasutus	Eastern Black Crested Gibbon	
299	Nycticebus bengalensis	Bengal Slow Loris	
300	Nycticebus coucang	Sunda Loris	
301	Nycticebus pygmaeus	Pygmy Slow Loris	
302	Oreonax flavicauda	Yellow-tailed Woolly Monkey	
303	Otolemur crassicaudatus	Brown Greater Galago	
304	Otolemur garnettii	Northern Greater Galago	
305	Otolemur monteiri	Silvery Greater Galago	
306	Pan paniscus	Bonobo or Pygmy Chimpanzee	
307	Pan troglodytes	Common Chimpanzee	
308	Papio anubis	Olive Baboon	
309	Papio cynocephalus	Yellow Baboon	
310	Papio hamadryas	Hamadryas Baboon	
311	Papio papio	Guinea Baboon	
312	Papio ursinus	Chacma Baboon	
313	Perodicticus potto	Potto	
314	Phaner electromontis	Amber Mountain Fork-marked Lemur	
315	Phaner furcifer	Eastern Fork-marked Lemur	
316	Phaner pallescens	Pale Fork-marked Lemur	
317	Phaner parienti	Pariente's Fork-marked Lemur	
318	Piliocolobus badius	Western Red Colobus	
319	Piliocolobus foai	Central African Red Colobus	
320	Piliocolobus gordonorum	Uzungwa Red Colobus	
321	Piliocolobus kirkii	Zanzibar Red Colobus	
322	Piliocolobus pennantii	Pennant's Colobus	
323	Piliocolobus preussi	Preuss's Red Colobus	
324	Piliocolobus rufomitratus	Tana River Red Colobus	
325	Piliocolobus tephrosceles	Ugandan Red Colobus	
326	Piliocolobus tholloni	Thollon's Red Colobus	
327	Pithecia aequatorialis	Equatorial Saki	
328	Pithecia albicans	White-footed Saki	
329	Pithecia irrorata	Rio TapajÛs Saki	
330	Pithecia monachus	Monk Saki	
331	Pithecia pithecia	White-faced Saki	
332	Pongo abelii	Sumatran Orangutan	
333	Pongo pygmaeus	Bornean Orangutan	
334	Presbytis chrysomelas	Sarawak Surili	
335	Presbytis comata	Javan Surili	
336	Presbytis femoralis	Banded Surili	
337	Presbytis frontata	White-fronted Surili	
338	Presbytis hosei	Hose's Langur	
339	Presbytis melalophos	Sumatran Surili	
340	Presbytis natunae	Natuna Island Surili	
341	Presbytis potenziani	Mentawai Langur or Joja	
342	Presbytis rubicunda	Maroon Leaf Monkey	
343	Presbytis siamensis	White-thighed Surili	
344	Presbytis thomasi	Thomas's Langur	
345	Procolobus verus	Olive Colobus	
346	Prolemur simus	Greater Bamboo Lemur	
347	Propithecus candidus	Silky Sifaka	
348	Propithecus coquereli	Coquerel's Sifaka	
349	Propithecus coronatus	Crowned Sifaka	
350	Propithecus deckenii	Decken's Sifaka	
351	Propithecus diadema	Diademed Sifaka	
352	Propithecus edwardsi	Milne-Edwards' Sifaka	
353	Propithecus perrieri	Perrier's Sifaka	
354	Propithecus tattersalli	Golden-crowned Sifaka	
355	Propithecus verreauxi	Verreaux's Sifaka	
356	Pseudopotto martini	False Potto	
357	Pygathrix cinerea	Gray-shanked Douc	
358	Pygathrix nemaeus	Red-shanked Douc	
359	Pygathrix nigripes	Black-shanked Douc	
360	Rhinopithecus avunculus	Tonkin Snub-nosed Langur	
361	Rhinopithecus bieti	Black Snub-nosed Monkey	
362	Rhinopithecus brelichi	Gray Snub-nosed Monkey	
363	Rhinopithecus roxellana	Golden Snub-nosed Monkey	
364	Rungwecebus kipunji	Kipunji	
365	Saguinus bicolor	Pied Tamarin	
366	Saguinus fuscicollis	Brown-mantled Tamarin	
367	Saguinus geoffroyi	Geoffroy's Tamarin	
368	Saguinus graellsi	Graells's Tamarin	
369	Saguinus imperator	Emperor Tamarin	
370	Saguinus inustus	Mottle-faced Tamarin	
371	Saguinus labiatus	White-lipped Tamarin	
372	Saguinus leucopus	White-footed Tamarin	
373	Saguinus martinsi	Martins's Tamarin	
374	Saguinus melanoleucus	White-mantled Tamarin	
375	Saguinus midas	Red-handed Tamarin	
376	Saguinus mystax	Moustached Tamarin	
377	Saguinus niger	Black Tamarin	
378	Saguinus nigricollis	Black-mantled Tamarin	
379	Saguinus oedipus	Cottontop Tamarin or PinchÈ Tamarin	
380	Saguinus pileatus	Red-capped Tamarin	
381	Saguinus tripartitus	Golden-mantled Tamarin	
382	Saimiri boliviensis	Black-capped Squirrel Monkey	
383	Saimiri oerstedii	Central American Squirrel Monkey	
384	Saimiri sciureus	Common Squirrel Monkey	
385	Saimiri ustus	Bare-eared Squirrel Monkey	
386	Saimiri vanzolinii	Black Squirrel Monkey	
387	Semnopithecus ajax	Kashmir Gray Langur	
388	Semnopithecus dussumieri	Southern Plains Gray Langur	
389	Semnopithecus entellus	Northern Plains Gray Langur	
390	Semnopithecus hector	Tarai Gray Langur	
391	Semnopithecus hypoleucos	Black-footed Gray Langur	
392	Semnopithecus priam	Tufted Gray Langur	
393	Semnopithecus schistaceus	Nepal Gray Langur	
394	Simian immunodeficiency virus	SIV	
395	Simias concolor	Pig-tailed Langur	
396	Symphalangus syndactylus	Siamang	
397	Tarsius bancanus	Western or Horsfield's Tarsier	
398	Tarsius dentatus	Dian's Tarsier	
399	Tarsius lariang	Lariang Tarsier	
400	Tarsius pelengensis	Peleng Tarsier	
401	Tarsius pumilus	Pygmy Tarsier	
402	Tarsius sangirensis	Sangihe Tarsier	
403	Tarsius syrichta	Philippine Tarsier	
404	Tarsius tarsier	Spectral Tarsier	
405	Theropithecus gelada	Gelada	
406	Trachypithecus auratus	Javan Lutung	
407	Trachypithecus barbei	Tenasserim Lutung	
408	Trachypithecus cristatus	Silvery Lutung or Silvered Leaf Monkey	
409	Trachypithecus delacouri	Delacour's Langur	
410	Trachypithecus ebenus	Indochinese Black Langur	
411	Trachypithecus francoisi	Francois' Langur	
412	Trachypithecus geei	Gee's Golden Langur	
413	Trachypithecus germaini	Indochinese Lutung	
414	Trachypithecus hatinhensis	Hatinh Langur	
415	Trachypithecus johnii	Nilgiri Langur	
416	Trachypithecus laotum	Laotian Langur	
417	Trachypithecus obscurus	Dusky Leaf Monkey or Spectacled Leaf Monkey	
418	Trachypithecus phayrei	Phayre's Leaf Monkey	
419	Trachypithecus pileatus	Capped Langur	
420	Trachypithecus poliocephalus	White-headed Langur	
421	Trachypithecus shortridgei	Shortridge's Langur	
422	Trachypithecus vetulus	Purple-faced Langur	
423	Varecia rubra	Red Ruffed Lemur	
424	Varecia variegata	Black-and-white Ruffed Lemur	
