Key	Specimen Type
1	24 hour urine sample
2	Abscess swab
3	Abscess tissue
4	Accessory sinus cytologic material
5	Acellular blood (serum or plasma) specimen
6	Acidified serum sample
7	Adhesive slide
8	Adipose tissue sample
9	Adrenal biopsy sample
10	Adrenal gland sample
11	Adrenal tissue sample
12	Amniocentesis fluid sample
13	Amnion cytologic material
14	Amniotic cell sample
15	Amniotic fluid specimen
16	Ampulla of Vater biopsy sample
17	Ampulla of Vater cytologic material
18	Anal biopsy sample
19	Anal cytologic material
20	Anal polyp sample
21	Anal resection sample
22	Anal swab
23	Animal body parts for identification
24	Ankle joint synovial fluid
25	Anterior resection of rectum sample
26	Appendix sample
27	Aqueous humor sample
28	Arterial blood specimen
29	Arterial cannula tip
30	Arterial line specimen
31	Arteriovenous shunt tip
32	Artery sample
33	Articular tissue sample
34	Ascitic fluid sample
35	Axillary lymph node
36	BLCL
37	Bacillus Calmette-Guerin (BCG) site swab
38	Basophil specimen
39	Ben's glasses
40	Bile duct biopsy sample
41	Bile duct cytologic material
42	Bile specimen
43	Biliary fluid specimen obtained by drainage
44	Biliary stone sample
45	Biliary tract tissue sample
46	Biopsy sample
47	Bladder biopsy sample
48	Bladder curettings sample
49	Bladder stone sample
50	Blood
51	Blood bag specimen
52	Blood bag specimen, from blood product
53	Blood bag specimen, from patient
54	Blood clot sample
55	Blood film sample
56	Blood specimen from blood donor
57	Blood specimen from blood product
58	Blood specimen from control
59	Blood specimen from newborn
60	Blood specimen from patient
61	Blood specimen obtained from umbilicus
62	Blood spot specimen
63	Body fluid sample
64	Body parts for identification
65	Body secretion specimen
66	Body substance sample
67	Bone and joint sample
68	Bone biopsy sample
69	Bone cytologic material
70	Bone marrow clot sample
71	Bone marrow cytological material
72	Bone marrow fragment sample
73	Bone marrow source
74	Bone marrow specimen
75	Bone marrow trephine sample
76	Bone tissue sample
77	Breast cyst fluid sample
78	Breast cytologic material obtained by incisional biopsy
79	Breast cytologic material obtained by percutaneous core biopsy
80	Breast direct smear sample
81	Breast duct sample
82	Breast fine needle aspirate sample
83	Breast fluid sample
84	Breast nipple cytologic material
85	Breast nipple discharge sample
86	Breast tru-cut biopsy sample
87	Bronchial biopsy sample
88	Bronchial brushings sample
89	Bronchial cytologic material
90	Bronchial fluid sample
91	Bronchoalveolar lavage
92	Buccal smear sample
93	Buffy coat
94	Burn tissue
95	Bursa biopsy sample
96	Bursa fluid sample
97	Bursa sample
98	Bursa tissue sample
99	CD4
100	CD4 RNA
101	CD4+ resting memory T-cells
102	CD8 Beta Neg Cells
103	Calculus specimen
104	Cannula specimen
105	Cannula tip
106	Capillary blood specimen
107	Cardiac bypass pump fluid sample
108	Cardiovascular sample
109	Cartilage biopsy sample
110	Cartilage sample
111	Catheter specimen
112	Catheter tip specimen
113	Cells
114	CellsRA-treated PBMC
115	Cerebrospinal fluid cytologic material
116	Cerebrospinal fluid sample
117	Cerebroventricular fluid cytologic material
118	Cerumen specimen
119	Cervical biopsy sample
120	Cervical loop excision sample
121	Cervical mucus specimen
122	Cervical polyp sample
123	Cervical secretion sample
124	Cervical smear sample
125	Cervical swab
126	Cervix cytologic material
127	Cholecystectomy sample
128	Chorion cytologic material
129	Chorionic villi sample
130	Chylous fluid sample
131	Clotted blood sample
132	Colectomy sample
133	Colon strip sample
134	Colonic biopsy sample
135	Colonic cytologic material
136	Colonic polyp sample
137	Colostomy fluid sample
138	Colostrum specimen
139	Combined specimen of cytologic material from endocervix, ectocervix, and vaginal fornix
140	Conjunctival swab
141	Contact lens solution sample
142	Contact lens submitted as specimen
143	Cord blood specimen
144	Cord blood specimen from fetus
145	Core sample of tissue block
146	Corneal scraping sample
147	Coronal sulcus of penis swab
148	Cough swab
149	Coughed sputum specimen
150	Cow's milk sample
151	Cream sample
152	Curettings
153	Cutaneous cytologic material
154	Cyst fluid sample
155	Cyst tissue
156	Cystectomy sample
157	Cytologic material
158	Cytologic material from left main bronchus
159	Cytologic material from right main bronchus
160	Cytologic material obtained from amniotic fluid
161	Cytologic material obtained from ascitic fluid
162	Cytologic material obtained from breast nipple discharge
163	Cytologic material obtained from joint fluid
164	Cytologic material obtained from pericardial fluid
165	Cytologic material obtained from pleural fluid
166	Cytologic material obtained from sputum
167	Cytologic material obtained from synovial fluid
168	Cytologic material obtained from unspecified body site
169	Cytologic material obtained from urine
170	Cytologic material of mouth
171	DNA
172	Dental tissue sample
173	Dentin specimen
174	Deoxyribonucleic acid sample
175	Dermatological sample
176	Device specimen
177	Dialysate sample
178	Dialysis fluid specimen
179	Discharge specimen
180	Drain device specimen
181	Drain tip
182	Drainage fluid sample
183	Dried blood specimen
184	Drug specimen
185	Duodenal biopsy sample
186	Duodenal cytologic material
187	Duodenal fluid specimen
188	Duodenal string
189	Duodenum
190	Duodenum LPL
191	Ear cytologic material
192	Ear sample
193	Ear swab sample
194	Early morning urine sample
195	Edema fluid sample
196	Effusion sample
197	Egg yolk specimen
198	Elbow joint synovial fluid
199	Electrode specimen
200	Eluate
201	Embryo biopsy sample
202	Empyema fluid sample
203	Endocardial specimen
204	Endocervical cytologic material
205	Endocrine sample
206	Endometrial polyp sample
207	Endometrial resection sample
208	Endometrium cytologic material
209	Eosinophil specimen
210	Epididymis cytologic material
211	Epididymis sample
212	Epiglottic cytologic material
213	Erythrocyte specimen
214	Erythrocyte specimen from blood donor
215	Erythrocyte specimen from blood product
216	Erythrocyte specimen from patient
217	Esophageal biopsy sample
218	Esophageal brushings sample
219	Esophageal cytologic material
220	Excised adrenal gland sample
221	Excised bursa sample
222	Excised cartilage sample
223	Excised fascia sample
224	Excised ligament sample
225	Excised parathyroid sample
226	Excised rectum sample
227	Excised salivary gland sample
228	Excised sublingual gland sample
229	Excised submandibular gland sample
230	Excised tendon sample
231	Exhaled air specimen
232	Extrahepatic bile duct cytologic material
233	Exudate sample
234	Exudate specimen from wound
235	Eye fluid sample
236	Eye region cytologic material
237	Fallopian tube biopsy sample
238	Fallopian tube cytologic material
239	Fascia biopsy sample
240	Fascia sample
241	Fecal concretion sample
242	Fecal fluid sample
243	Fecal smear
244	Female genital fluid specimen
245	Female genital sample
246	Female genital swab
247	Female genital tissue sample
248	Fetal cytologic material
249	Fetus specimen
250	Fibroblast specimen
251	Fine needle aspirate of thyroid, cytologic material
252	Finger joint synovial fluid
253	Fistula fluid sample
254	Floor swab
255	Fluid sample
256	Fluid specimen from sebaceous cyst
257	Fluid specimen from spermatocele
258	Fluid specimen from wound
259	Food specimen
260	Foot joint synovial fluid
261	Foreskin biopsy sample
262	Formula milk sample
263	Frenulum of penis swab
264	Frozen section bladder sample
265	Frozen section breast sample
266	Frozen section lymph node sample
267	Gallbladder cytologic material
268	Gallstone sample
269	Ganglion cyst specimen
270	Gaseous material specimen
271	Gastric antral biopsy sample
272	Gastric aspirate sample
273	Gastric biopsy sample
274	Gastric brushings sample
275	Gastric contents specimen
276	Gastric cytologic material
277	Gastric fluid sample
278	Gastric fundus biopsy sample
279	Gastric lavage aspirate sample
280	Gastric ulcer sample
281	Gastrointestinal direct smear
282	Gastrointestinal fluid sample
283	Gastrointestinal tract cytologic material
284	Genetic sample
285	Genital lochia specimen
286	Genital mucus specimen
287	Genital swab
288	Genitourinary sample
289	Gingivocrevicular fluid sample
290	Glans penis swab
291	Goat's milk sample
292	Gonad sample
293	Gonad tissue
294	Graft specimen from patient
295	HIV-1+ PBMC
296	Hair bulb sample
297	Hair specimen
298	Hand joint synovial fluid
299	Head of femur sample
300	Heart cytologic material
301	Heart valve sample
302	Heart valve tissue
303	Helminth sample
304	Hematoma sample
305	Hemorrhoid tissue specimen
306	High vaginal swab
307	Hip joint synovial fluid
308	Homogenate
309	Hot stool sample
310	Human Embryonic Stem Cells
311	Human bone for identification
312	Human tissue for identification
313	Hydrocele fluid sample
314	Hydrocele sample
315	Hysterectomy and bilateral salpingo-oophorectomy sample
316	Hysterectomy and unilateral salpingo-oophorectomy sample
317	Hysterectomy sample
318	Ice-cream sample
319	Ileal biopsy sample
320	Ileal cytologic material
321	Ileal resection sample
322	Ileocecal
323	Ileocecal IEL
324	Ileocecal Jct LPL
325	Ileocecal Junction
326	Ileocecal LPL
327	Ileostomy fluid sample
328	Ileum
329	Iliac LN
330	Iliac Lymph Node
331	Iliac crest bone marrow sample
332	Ilieum IEL
333	Ilieum LPL
334	Implant submitted as specimen
335	Implantable venous catheter specimen
336	Incubator swab
337	Inguinal Lymph Node
338	Inhaled gas specimen
339	Insect sample
340	Internal Iliac LN
341	Interstitial fluid specimen
342	Intraocular lens sample
343	Intravenous infusion fluid sample
344	Intravenous lipid infusion fluid sample
345	Jejunal biopsy sample
346	Jejunal cytologic material
347	Jejunal fluid sample
348	Jejunum
349	Jejunum LPL
350	Joint biopsy sample
351	Joint fluid specimen
352	Joint sample
353	Kidney biopsy sample
354	Kidney cytologic material
355	Knee joint synovial fluid
356	Lacrimal fluid sample
357	Large intestine cytologic material
358	Larva sample
359	Laryngeal cytologic material
360	Laryngectomy sample
361	Larynx biopsy sample
362	Left lower lobe bronchus cytologic material
363	Left pleural cytologic material
364	Left upper lobe bronchus cytologic material
365	Lens sample
366	Lesion sample
367	Leukocyte specimen from control
368	Leukocyte specimen from patient
369	Ligament biopsy sample
370	Ligament sample
371	Lip biopsy sample
372	Lip cytologic material
373	Lipoma biopsy sample
374	Liquid based cytologic material
375	Liver
376	Liver biopsy sample
377	Liver cytologic material
378	Liver direct smear sample
379	Living sample
380	Low vaginal swab
381	Lower respiratory fluid sample
382	Lower respiratory sample
383	Lower respiratory tissue sample
384	Lower respiratory tract cytologic material
385	Lower urinary tract cytologic material
386	Lumpectomy breast sample
387	Lung cytologic material
388	Lung direct smear sample
389	Lymph Node
390	Lymph Node Bx
391	Lymph node aspirate
392	Lymph node biopsy sample
393	Lymph node cytologic material
394	Lymph node from axillary dissection
395	Lymph node from regional lymph node dissection
396	Lymph node from sentinel lymph node dissection
397	Lymph node from sentinel lymph node dissection and axillary dissection
398	Lymph node sample
399	Lymph node smear
400	Lymph node tissue sample
401	Lymph sample
402	Lymphocyte specimen
403	Machine hemodialysate sample
404	Macrophage specimen
405	Macroscopic tissue specimen
406	Maggot sample
407	Male genital sample
408	Male genital swab
409	Mammary cytologic material
410	Mastectomy sample
411	Mastoid biopsy sample
412	Meconium specimen
413	Menstrual blood specimen
414	Mesenteric lymph node
415	Mesocolonic LN
416	Microbial isolate specimen
417	Mid-stream urine sample
418	Middle ear biopsy sample
419	Middle ear fluid sample
420	Milk specimen
421	Minor salivary gland sample
422	Miscellaneous samples
423	Mix Spleen PBMC mesenteric Lymph nodes
424	Mixed venous blood specimen
425	Mother's milk specimen
426	Mouth biopsy sample
427	Mucus sample
428	Multiple joint synovial fluid
429	Muscle biopsy sample
430	Musculoskeletal sample
431	Mushroom specimen
432	Myocardial specimen
433	NK Cell Pellet
434	NK-RNA
435	Nail specimen
436	Nasal biopsy sample
437	Nasal cytologic material
438	Nasal fluid sample
439	Nasal polyp sample
440	Nasogastric aspirate
441	Nasopharyngeal aspirate
442	Nasopharyngeal biopsy sample
443	Nasopharyngeal cytologic material
444	Nasopharyngeal swab
445	Nasopharyngeal washings
446	Native heart valve sample
447	Natural lens tissue
448	Neck block dissection sample
449	Nerve biopsy sample
450	Nerve ganglion specimen
451	Nerve tissue sample
452	Neuroma sample
453	Non-biological fluid specimen
454	Not applicable
455	Omentectomy sample
456	Omentum biopsy sample
457	Omentum tissue sample
458	Oral cavity sample
459	Oral mucosal transudate sample
460	Oral saliva sample
461	Oral secretion sample
462	Oral swab
463	Oral tissue sample
464	Orchidectomy sample
465	Oropharyngeal aspirate
466	Ovarian cyst sample
467	Ovarian fluid sample
468	Ovary cytologic material
469	PBMC
470	PBMC-RNA
471	PKH67 + cells
472	PLN
473	Pancreas biopsy sample
474	Pancreatic cytologic material
475	Pancreatic fluid specimen
476	Pancreatic stone sample
477	Parasite sample
478	Parathyroid biopsy sample
479	Parathyroid sample
480	Parathyroid tissue sample
481	Parotid gland cytologic material
482	Parotid gland saliva sample
483	Parotidectomy sample
484	Partial colectomy sample
485	Partial nephrectomy sample
486	Penile urethral swab
487	Penis cytologic material
488	Penis skin biopsy sample
489	Penis swab
490	Perianal swab
491	Pericardial cytologic material
492	Pericardial fluid specimen
493	Perineal swab
494	Peritoneal biopsy sample
495	Peritoneal cytologic material
496	Peritoneal dialysate sample
497	Peritoneal dialysis fluid specimen
498	Peritoneal fluid sample
499	Pernasal swab
500	Pharyngeal biopsy sample
501	Pharyngeal cytologic material
502	Pharyngeal washings
503	Pituitary sample
504	Placenta biopsy sample
505	Placenta cytologic material
506	Placental membrane tissue sample
507	Plant specimen
508	Plasma
509	Plasma bag specimen
510	Platelet poor plasma specimen
511	Platelet poor plasma specimen from control
512	Platelet poor plasma specimen from patient
513	Platelet rich plasma specimen
514	Platelet specimen
515	Pleura biopsy sample
516	Pleural cytologic material
517	Pleural fluid specimen
518	Polar body sample
519	Polymorphonuclear neutrophil specimen
520	Polyp from large intestine obtained by polypectomy
521	Polyp from stomach obtained by polypectomy
522	Postmortem tissue sample
523	Prepuce swab
524	Products of conception tissue sample
525	Prostate biopsy sample
526	Prostate cytologic material
527	Prostate tru-cut biopsy sample
528	Prostatic fluid sample
529	Prostatic massage fluid sample
530	Prosthetic heart valve sample
531	Prosthetic joint sample
532	Pus specimen
533	Pus swab
534	RNA
535	Rectal biopsy sample
536	Rectal cytologic material
537	Rectal polyp sample
538	Rectal scrape sample
539	Rectal scrapes
540	Rectal snip sample
541	Rectal snips
542	Rectal swab
543	Rectal tissue sample
544	Red blood cell fluid sample
545	Renal pelvis cytologic material
546	Renal pelvis fluid sample
547	Renal stone sample
548	Resected articular tissue sample
549	Resected lung sample
550	Resected prostate sample
551	Respiratory fluid specimen
552	Respiratory sample
553	Respiratory secretion
554	Rib bone marrow sample
555	Right lower lobe bronchus cytologic material
556	Right middle lobe bronchus cytologic material
557	Right pleural cytologic material
558	Right upper lobe bronchus cytologic material
559	Rt. Inguinal LN
560	SIV Stock
561	Saliva specimen
562	Salivary gland cytologic material
563	Scotch tape slide
564	Scrapings
565	Scrotal swab
566	Sebum sample
567	Segmentectomy breast sample
568	Sellotape slide
569	Semi-skimmed milk sample
570	Seminal fluid specimen
571	Seminal plasma specimen
572	Seminal vesicle cytologic material
573	Serum
574	Serum specimen
575	Serum specimen from blood donor
576	Serum specimen from blood product
577	Serum specimen from patient
578	Shaft of penis swab
579	Sheep's milk sample
580	Shoulder joint synovial fluid
581	Sigmoid colon biopsy sample
582	Sigmoid colon brushings sample
583	Sigmoid colonic polyp sample
584	Sinus fluid sample
585	Sinus washings
586	Skeletal muscle cytologic material
587	Skeletal muscle specimen
588	Skimmed milk sample
589	Skin (tissue) specimen
590	Skin biopsy sample
591	Skin cyst sample
592	Skin excision biopsy sample
593	Skin fibroblast sample
594	Skin incision biopsy sample
595	Skin lesion sample
596	Skin punch biopsy sample
597	Skin scale sample
598	Skin swab
599	Skin ulcer swab
600	Slide
601	Slit skin smear
602	Small bowel resection sample
603	Small intestine cytologic material
604	Smear sample
605	Soft tissue biopsy sample
606	Soft tissue lesion fine needle aspirate sample
607	Soft tissue sample
608	Soft tissue specimen obtained by excision
609	Soya milk sample
610	Specimen containing crystals from synovial joint
611	Specimen for identification
612	Specimen from abscess
613	Specimen from adrenal gland obtained by needle biopsy
614	Specimen from adrenal gland obtained by partial adrenalectomy
615	Specimen from adrenal gland obtained by total adrenalectomy
616	Specimen from ampulla of Vater
617	Specimen from ampulla of Vater obtained by ampullectomy
618	Specimen from ampulla of Vater obtained by incisional biopsy
619	Specimen from ampulla of Vater obtained by pancreaticoduodenectomy
620	Specimen from ampulla of Vater obtained by pylorus-sparing pancreaticoduodenectomy
621	Specimen from anus
622	Specimen from anus obtained by abdominoperineal resection
623	Specimen from anus obtained by excision of anal polyp
624	Specimen from anus obtained by transanal disk excision
625	Specimen from anus obtained by transanal disk excision, fragmented
626	Specimen from anus obtained by transanal disk excision, intact
627	Specimen from appendix and colon obtained by appendectomy and right colectomy
628	Specimen from appendix and right colon obtained by appendectomy and right hemicolectomy
629	Specimen from appendix obtained by appendectomy
630	Specimen from artery obtained by biopsy
631	Specimen from bile duct obtained by fine needle aspiration biopsy
632	Specimen from bladder obtained by fine needle aspiration biopsy
633	Specimen from blood product
634	Specimen from bone
635	Specimen from bone marrow obtained by aspiration
636	Specimen from bone marrow obtained by aspiration and biopsy
637	Specimen from bone marrow obtained by biopsy
638	Specimen from bone obtained by fine needle aspiration biopsy
639	Specimen from brain
640	Specimen from brain obtained by biopsy
641	Specimen from breast
642	Specimen from breast obtained by biopsy
643	Specimen from breast obtained by complete excision of lesion, less than total mastectomy
644	Specimen from breast obtained by complete excision, less than total mastectomy, with axillary contents
645	Specimen from breast obtained by complete excision, less than total mastectomy, without axillary contents
646	Specimen from breast obtained by core needle biopsy
647	Specimen from breast obtained by excision
648	Specimen from breast obtained by image guided core biopsy
649	Specimen from breast obtained by incisional biopsy of breast mass
650	Specimen from breast obtained by modified radical mastectomy
651	Specimen from breast obtained by radical mastectomy
652	Specimen from breast obtained by total mastectomy
653	Specimen from bronchus
654	Specimen from bronchus obtained by fine needle aspiration biopsy
655	Specimen from burn injury
656	Specimen from central nervous system
657	Specimen from central nervous system obtained by open biopsy
658	Specimen from central nervous system obtained by partial excision of tumor
659	Specimen from central nervous system obtained by stereotactically guided core needle biopsy
660	Specimen from central nervous system obtained by total resection of tumor
661	Specimen from colon
662	Specimen from colon obtained by left hemicolectomy
663	Specimen from colon obtained by rectal/rectosigmoid (low anterior) resection
664	Specimen from colon obtained by right hemicolectomy
665	Specimen from colon obtained by sigmoidectomy
666	Specimen from colon obtained by transverse colectomy
667	Specimen from conjunctiva
668	Specimen from cornea
669	Specimen from cranium
670	Specimen from cyst
671	Specimen from digestive system
672	Specimen from distal ileum obtained by right hemicolectomy
673	Specimen from distal stomach obtained by partial gastrectomy
674	Specimen from duodenum obtained by Whipple resection
675	Specimen from ear obtained by biopsy
676	Specimen from ear obtained by fine needle aspiration biopsy
677	Specimen from endometrium
678	Specimen from endometrium obtained by biopsy
679	Specimen from endometrium obtained by curettage
680	Specimen from endometrium obtained by hysterectomy
681	Specimen from endometrium obtained by pelvic exenteration
682	Specimen from endometrium obtained by radical hysterectomy
683	Specimen from endotracheal tube
684	Specimen from environment
685	Specimen from epididymis obtained by biopsy
686	Specimen from epididymis obtained by fine needle aspiration biopsy
687	Specimen from esophagus
688	Specimen from esophagus obtained by esophageal resection
689	Specimen from esophagus obtained by esophagogastrectomy
690	Specimen from esophagus obtained by excisional biopsy of lesion
691	Specimen from esophagus obtained by incisional biopsy
692	Specimen from explanted liver
693	Specimen from extrahepatic bile duct
694	Specimen from extrahepatic bile duct obtained by pancreaticoduodenectomy
695	Specimen from extrahepatic bile duct obtained by segmental resection of bile ducts
696	Specimen from eye
697	Specimen from eye obtained by complete exenteration
698	Specimen from eye obtained by enucleation
699	Specimen from eye obtained by fine needle aspiration biopsy
700	Specimen from eye obtained by limited exenteration
701	Specimen from eye region
702	Specimen from eye region obtained by biopsy
703	Specimen from fallopian tube
704	Specimen from fallopian tube obtained by excision of tubal fragments
705	Specimen from fallopian tube obtained by fine needle aspiration biopsy
706	Specimen from fallopian tube obtained by hysterectomy with salpingo-oophorectomy
707	Specimen from fallopian tube obtained by pelvic exenteration
708	Specimen from fetus obtained by biopsy
709	Specimen from fistula
710	Specimen from gallbladder obtained by fine needle aspiration biopsy
711	Specimen from gastrointestinal tract
712	Specimen from gastrointestinal tract obtained by incisional biopsy
713	Specimen from genital system
714	Specimen from head and neck structure
715	Specimen from head and neck structure obtained by biopsy
716	Specimen from head and neck structure obtained by fine needle aspiration biopsy
717	Specimen from heart
718	Specimen from heart obtained by biopsy
719	Specimen from heart obtained by excisional biopsy of lesion
720	Specimen from heart obtained by fine needle aspiration procedure
721	Specimen from heart obtained by incisional biopsy
722	Specimen from hydrocele of spermatic cord
723	Specimen from hydrocele of tunica vaginalis
724	Specimen from ileum obtained by segmental resection
725	Specimen from inguinofemoral lymphadenectomy
726	Specimen from internal nose
727	Specimen from intervertebral disc
728	Specimen from jejunum obtained by segmental resection
729	Specimen from joint obtained by fine needle aspiration biopsy
730	Specimen from kidney
731	Specimen from kidney obtained by (core) needle biopsy
732	Specimen from kidney obtained by excision
733	Specimen from kidney obtained by fine needle aspiration procedure
734	Specimen from kidney obtained by incisional biopsy
735	Specimen from kidney obtained by radical nephrectomy
736	Specimen from kidney obtained by wedge biopsy
737	Specimen from large intestine
738	Specimen from large intestine obtained by abdominoperineal resection
739	Specimen from large intestine obtained by fine needle aspiration biopsy
740	Specimen from large intestine obtained by incisional biopsy
741	Specimen from large intestine obtained by total abdominal colectomy
742	Specimen from larynx
743	Specimen from larynx obtained by fine needle aspiration biopsy
744	Specimen from left fallopian tube
745	Specimen from left fallopian tube obtained by hysterectomy with salpingo-oophorectomy
746	Specimen from left fallopian tube obtained by salpingectomy
747	Specimen from left fallopian tube obtained by salpingo-oophorectomy
748	Specimen from left kidney obtained by partial nephrectomy
749	Specimen from left kidney obtained by radical nephrectomy
750	Specimen from left kidney obtained by radical nephrectomy and adrenalectomy
751	Specimen from left kidney obtained by radical nephrectomy, without adrenal
752	Specimen from left kidney, inferior pole obtained by partial nephrectomy
753	Specimen from left kidney, middle pole obtained by partial nephrectomy
754	Specimen from left kidney, superior pole obtained by partial nephrectomy
755	Specimen from left lobe of thyroid obtained by lobe resection
756	Specimen from left ovary obtained by oophorectomy
757	Specimen from left ovary obtained by salpingo-oophorectomy
758	Specimen from lesion of uterine cervix obtained by cone biopsy
759	Specimen from lip
760	Specimen from lip obtained by fine needle aspiration biopsy
761	Specimen from liver
762	Specimen from liver obtained by extended right lobectomy
763	Specimen from liver obtained by fine needle aspiration biopsy
764	Specimen from liver obtained by left lateral segmentectomy
765	Specimen from liver obtained by medial segmentectomy
766	Specimen from liver obtained by right lobectomy
767	Specimen from liver obtained by total left lobectomy
768	Specimen from liver obtained by wedge biopsy
769	Specimen from lower limb
770	Specimen from lower limb obtained by biopsy
771	Specimen from lung
772	Specimen from lung obtained by CT guided needle biopsy
773	Specimen from lung obtained by biopsy
774	Specimen from lung obtained by bronchial washing procedure
775	Specimen from lung obtained by fiberoptic bronchoscopic biopsy
776	Specimen from lung obtained by fine needle aspiration procedure
777	Specimen from lung obtained by lobectomy
778	Specimen from lung obtained by major airway resection
779	Specimen from lung obtained by mediastinoscopic biopsy
780	Specimen from lung obtained by pneumonectomy
781	Specimen from lung obtained by segmentectomy
782	Specimen from lung obtained by transbronchial biopsy
783	Specimen from lung obtained by wedge biopsy
784	Specimen from lung obtained by wedge resection
785	Specimen from lymph node obtained by fine needle aspiration biopsy
786	Specimen from lymph node obtained by staging laparotomy
787	Specimen from major salivary gland
788	Specimen from mass lesion
789	Specimen from maxillary sinus obtained by irrigation
790	Specimen from mediastinum
791	Specimen from mediastinum obtained by biopsy
792	Specimen from mediastinum obtained by fine needle aspiration biopsy
793	Specimen from meninges
794	Specimen from meninges obtained by biopsy
795	Specimen from mesentery
796	Specimen from mesentery obtained by biopsy
797	Specimen from mesentery obtained by fine needle aspiration biopsy
798	Specimen from mouth obtained by fine needle aspiration biopsy
799	Specimen from nasal fossae
800	Specimen from nasal fossae obtained by biopsy
801	Specimen from nasal fossae obtained by fine needle aspiration biopsy
802	Specimen from nasal sinus
803	Specimen from nasal sinus obtained by biopsy
804	Specimen from nasal sinus obtained by fine needle aspiration biopsy
805	Specimen from nasopharyngeal structure
806	Specimen from nerve
807	Specimen from omentum
808	Specimen from ovary
809	Specimen from ovary obtained by biopsy
810	Specimen from ovary obtained by fine needle aspiration biopsy
811	Specimen from ovary obtained by hysterectomy with left salpingo-oophorectomy
812	Specimen from ovary obtained by hysterectomy with right salpingo-oophorectomy
813	Specimen from ovary obtained by hysterectomy with salpingo-oophorectomy
814	Specimen from ovary obtained by incisional biopsy
815	Specimen from ovary obtained by removal of tumor in fragments
816	Specimen from ovary obtained by resection
817	Specimen from ovary obtained by subtotal left oophorectomy
818	Specimen from ovary obtained by subtotal right oophorectomy
819	Specimen from pancreas
820	Specimen from pancreas obtained by excision
821	Specimen from pancreas obtained by excisional biopsy
822	Specimen from pancreas obtained by fine needle aspiration biopsy
823	Specimen from pancreas obtained by incisional biopsy
824	Specimen from pancreas obtained by pancreaticoduodenectomy (Whipple resection)
825	Specimen from pancreas obtained by pancreaticoduodenectomy, partial pancreatectomy
826	Specimen from pancreas obtained by pancreaticoduodenectomy, total pancreatectomy
827	Specimen from pancreas obtained by partial pancreatectomy
828	Specimen from pancreas obtained by pylorus sparing pancreaticoduodenectomy
829	Specimen from pancreas obtained by pylorus sparing pancreaticoduodenectomy, partial pancreatectomy
830	Specimen from pancreas obtained by pylorus sparing pancreaticoduodenectomy, total pancreatectomy
831	Specimen from pancreas obtained by total pancreatectomy
832	Specimen from pancreatic body obtained by partial resection
833	Specimen from pancreatic tail obtained by partial resection
834	Specimen from parathyroid obtained by fine needle aspiration biopsy
835	Specimen from patient
836	Specimen from pelvic lymph node
837	Specimen from pelvic lymphadenectomy
838	Specimen from penis
839	Specimen from penis obtained by biopsy
840	Specimen from penis obtained by fine needle aspiration biopsy
841	Specimen from pericardium
842	Specimen from pericardium obtained by biopsy
843	Specimen from pericardium obtained by pericardial resection
844	Specimen from peritoneal tumor implant
845	Specimen from peritoneum
846	Specimen from peritoneum obtained by fine needle aspiration biopsy
847	Specimen from pituitary gland obtained by fine needle aspiration biopsy
848	Specimen from placenta
849	Specimen from pleura
850	Specimen from pleura obtained by fine needle aspiration procedure
851	Specimen from pleura obtained by lymph node biopsy
852	Specimen from pleura obtained by open thoracotomy and biopsy
853	Specimen from pleura obtained by percutaneous needle biopsy
854	Specimen from pleura obtained by pleurectomy
855	Specimen from pleura obtained by thoracentesis
856	Specimen from pleura obtained by thoracoscopic biopsy
857	Specimen from pleura obtained by thoracoscopic procedure
858	Specimen from prostate
859	Specimen from prostate obtained by enucleation
860	Specimen from prostate obtained by needle biopsy
861	Specimen from prostate obtained by radical prostatectomy
862	Specimen from prostate obtained by retropubic resection
863	Specimen from prostate obtained by suprapubic resection
864	Specimen from prostate obtained by transurethral resection
865	Specimen from prosthetic device
866	Specimen from proximal stomach obtained by partial gastrectomy
867	Specimen from rectum obtained by transanal disk excision
868	Specimen from rectum obtained by transanal disk excision, fragmented
869	Specimen from rectum obtained by transanal disk excision, intact
870	Specimen from regional lymph node obtained by lymphadenectomy
871	Specimen from renal pelvis
872	Specimen from renal pelvis obtained by biopsy
873	Specimen from renal pelvis obtained by complete nephroureterectomy
874	Specimen from renal pelvis obtained by nephroureterectomy
875	Specimen from renal pelvis obtained by partial nephroureterectomy
876	Specimen from retina obtained by complete exenteration of eye
877	Specimen from retina obtained by enucleation of eye
878	Specimen from retina obtained by limited exenteration of eye
879	Specimen from retroperitoneum
880	Specimen from retroperitoneum obtained by biopsy
881	Specimen from retroperitoneum obtained by fine needle aspiration biopsy
882	Specimen from right fallopian tube
883	Specimen from right fallopian tube obtained by hysterectomy with salpingo-oophorectomy
884	Specimen from right fallopian tube obtained by salpingectomy
885	Specimen from right fallopian tube obtained by salpingo-oophorectomy
886	Specimen from right kidney obtained by partial nephrectomy
887	Specimen from right kidney obtained by radical nephrectomy
888	Specimen from right kidney obtained by radical nephrectomy and adrenalectomy
889	Specimen from right kidney obtained by radical nephrectomy, without adrenal
890	Specimen from right kidney, inferior pole obtained by partial nephrectomy
891	Specimen from right kidney, middle pole obtained by partial nephrectomy
892	Specimen from right kidney, superior pole obtained by partial nephrectomy
893	Specimen from right lobe of thyroid obtained by lobe resection
894	Specimen from right ovary obtained by oophorectomy
895	Specimen from right ovary obtained by salpingo-oophorectomy
896	Specimen from salivary gland
897	Specimen from salivary gland obtained by biopsy
898	Specimen from salivary gland obtained by fine needle aspiration biopsy
899	Specimen from seminal vesicle
900	Specimen from seminal vesicle obtained by biopsy
901	Specimen from seminal vesicle obtained by fine needle aspiration biopsy
902	Specimen from skeletal muscle obtained by biopsy
903	Specimen from skin obtained by curettage
904	Specimen from skin obtained by elliptical excision
905	Specimen from skin obtained by elliptical re-excision
906	Specimen from skin obtained by excision
907	Specimen from skin obtained by fine needle aspiration biopsy
908	Specimen from skin obtained by re-excision
909	Specimen from skin obtained by shave excision
910	Specimen from skin obtained by wide excision
911	Specimen from skin obtained by wide re-excision
912	Specimen from small intestine
913	Specimen from small intestine obtained by Whipple resection
914	Specimen from small intestine obtained by fine needle aspiration biopsy
915	Specimen from small intestine obtained by polypectomy
916	Specimen from small intestine obtained by segmental resection
917	Specimen from spermatic cord
918	Specimen from spermatic cord obtained by biopsy
919	Specimen from spermatic cord obtained by fine needle aspiration biopsy
920	Specimen from spinal cord
921	Specimen from spinal cord obtained by biopsy
922	Specimen from spleen
923	Specimen from spleen obtained by biopsy
924	Specimen from spleen obtained by fine needle aspiration biopsy
925	Specimen from stomach
926	Specimen from stomach obtained by fine needle aspiration biopsy
927	Specimen from stomach obtained by gastrectomy
928	Specimen from stomach obtained by incisional biopsy
929	Specimen from stomach obtained by partial gastrectomy
930	Specimen from stomach obtained by total gastrectomy
931	Specimen from sympathetic nerve ganglion
932	Specimen from sympathetic nerve ganglion obtained by biopsy
933	Specimen from testis
934	Specimen from testis obtained by inguinal exposure with testicular isolation and biopsy
935	Specimen from testis obtained by transcrotal open biopsy
936	Specimen from testis obtained by transscrotal needle biopsy
937	Specimen from thoracic mesothelium
938	Specimen from thoracic mesothelium obtained by open thoracotomy
939	Specimen from thoracic mesothelium obtained by percutaneous needle biopsy
940	Specimen from thoracic mesothelium obtained by thoracoscopic biopsy
941	Specimen from throat
942	Specimen from thymus gland
943	Specimen from thymus gland obtained by CT guided needle biopsy
944	Specimen from thymus gland obtained by biopsy
945	Specimen from thymus gland obtained by fine needle aspiration biopsy
946	Specimen from thymus gland obtained by limited thoracotomy
947	Specimen from thymus gland obtained by thoracotomy
948	Specimen from thymus gland obtained by transcervical thymectomy
949	Specimen from thymus gland obtained by transthoracic needle biopsy
950	Specimen from thymus gland obtained by video assisted thoracotomy
951	Specimen from thyroid
952	Specimen from thyroid obtained by biopsy
953	Specimen from thyroid obtained by isthmectomy
954	Specimen from thyroid obtained by lobectomy
955	Specimen from thyroid obtained by thyroidectomy
956	Specimen from thyroid obtained by total thyroidectomy
957	Specimen from tongue
958	Specimen from tongue obtained by fine needle aspiration biopsy
959	Specimen from tonsil
960	Specimen from tooth
961	Specimen from tooth obtained by biopsy
962	Specimen from trachea
963	Specimen from trachea obtained by excision
964	Specimen from trachea obtained by fine needle aspiration biopsy
965	Specimen from transplanted kidney obtained by biopsy
966	Specimen from transplanted liver obtained by biopsy
967	Specimen from transplanted lung obtained by biopsy
968	Specimen from transplanted lung obtained by excision
969	Specimen from trophoblast
970	Specimen from trunk
971	Specimen from trunk obtained by biopsy
972	Specimen from tunica of testis
973	Specimen from tunica of testis obtained by biopsy
974	Specimen from ulcer
975	Specimen from unspecified body site
976	Specimen from unspecified body site obtained by biopsy
977	Specimen from unspecified body site obtained by fine needle aspiration
978	Specimen from upper limb
979	Specimen from upper limb obtained by biopsy
980	Specimen from upper urinary tract obtained by lavage
981	Specimen from ureter
982	Specimen from ureter obtained by brush biopsy
983	Specimen from ureter obtained by fine needle aspiration biopsy
984	Specimen from ureter obtained by nephroureterectomy
985	Specimen from ureter obtained by ureterectomy
986	Specimen from urethra
987	Specimen from urethra obtained by fine needle aspiration biopsy
988	Specimen from urinary bladder obtained by anterior exenteration
989	Specimen from urinary bladder obtained by partial cystectomy
990	Specimen from urinary bladder obtained by radical cystectomy
991	Specimen from urinary bladder obtained by radical cystoprostatectomy
992	Specimen from urinary bladder obtained by total cystectomy
993	Specimen from urinary tract
994	Specimen from urinary tract obtained by transurethral excision
995	Specimen from uterine cervix
996	Specimen from uterine cervix obtained by cone biopsy
997	Specimen from uterine cervix obtained by excision of cervix
998	Specimen from uterine cervix obtained by hysterectomy
999	Specimen from uterine cervix obtained by incisional biopsy
1000	Specimen from uterine cervix obtained by pelvic exenteration
1001	Specimen from uterine cervix obtained by radical hysterectomy
1002	Specimen from uterus
1003	Specimen from uterus obtained by biopsy
1004	Specimen from uterus obtained by dilation and curettage
1005	Specimen from uterus obtained by fine needle aspiration biopsy
1006	Specimen from uterus obtained by hysterectomy
1007	Specimen from uterus obtained by pelvic exenteration
1008	Specimen from uterus obtained by radical hysterectomy
1009	Specimen from uvea obtained by complete exenteration of eye
1010	Specimen from uvea obtained by enucleation of eye
1011	Specimen from uvea obtained by limited exenteration of eye
1012	Specimen from vagina
1013	Specimen from vagina obtained by excisional biopsy of lesion
1014	Specimen from vagina obtained by incisional biopsy
1015	Specimen from vagina obtained by partial vaginectomy
1016	Specimen from vagina obtained by radical vaginectomy
1017	Specimen from vagina obtained by vaginectomy
1018	Specimen from vagus nerve
1019	Specimen from vein obtained by biopsy
1020	Specimen from vulva
1021	Specimen from vulva obtained by fine needle aspiration biopsy
1022	Specimen from vulva obtained by local excision
1023	Specimen from vulva obtained by partial vulvectomy
1024	Specimen from vulva obtained by radical vulvectomy
1025	Specimen from vulva obtained by total vulvectomy
1026	Specimen from vulva obtained by wide excision
1027	Specimen from wound
1028	Specimen from wound abscess
1029	Specimen obtained by amputation
1030	Specimen obtained by aspiration
1031	Specimen obtained by core needle biopsy
1032	Specimen obtained by excisional biopsy
1033	Specimen obtained by fine needle aspiration procedure
1034	Specimen obtained by incisional biopsy
1035	Specimen obtained by intralesional resection
1036	Specimen obtained by lavage
1037	Specimen obtained by lymphadenectomy
1038	Specimen obtained by marginal resection
1039	Specimen obtained by peritoneal lavage
1040	Specimen obtained by radical excision
1041	Specimen obtained by wide resection
1042	Specimen obtained from breast by stereotactically guided core needle biopsy
1043	Specimen of targeted lesion obtained by biopsy
1044	Specimen of unknown material
1045	Spermatozoa cytologic material
1046	Spermatozoa specimen
1047	Spleen
1048	Spleen resection sample
1049	Spot urine sample
1050	Spun urinary sediment
1051	Sputum smear specimen
1052	Sputum specimen
1053	Sputum specimen obtained by aspiration
1054	Sputum specimen obtained by aspiration from trachea
1055	Sputum specimen obtained by sputum induction
1056	Sputum specimen obtained from sputum suction trap
1057	Sternal bone marrow sample
1058	Stool specimen
1059	Subcutaneous cytologic material
1060	Submaxillary gland cytologic material
1061	Subpreputial swab
1062	Subretinal fluid sample
1063	Superficial parotidectomy sample
1064	Supernatant
1065	Suprapubic aspirate sample
1066	Surface swab
1067	Surgical excision sample
1068	Swab
1069	Swab of building drain
1070	Swab of drain insertion site
1071	Swab of inanimate object
1072	Swab of line insertion site
1073	Swab of pilonidal sinus
1074	Swab of surgical drain
1075	Sweat specimen
1076	Synovial cytologic material
1077	Synovial fluid cells
1078	Synovial fluid source
1079	Synovial fluid specimen
1080	Synovial sample
1081	Synovial tissue sample
1082	Synovium biopsy sample
1083	Tampon submitted as specimen
1084	Tears specimen
1085	Temporal artery sample
1086	Tendon biopsy sample
1087	Tendon sample
1088	Terminal ileum resection sample
1089	Testes biopsy sample
1090	Testis cytologic material
1091	Throat swab
1092	Thrombus sample
1093	Thymus
1094	Thyroid cyst fluid sample
1095	Thyroid cytologic material
1096	Thyroid cytologic material, processed intraoperatively
1097	Thyroid direct smear sample
1098	Thyroid fine needle aspirate sample
1099	Thyroid fluid sample
1100	Thyroid lobe sample
1101	Timed urine specimen
1102	Tissue section
1103	Tissue specimen
1104	Tissue specimen from ampulla of Vater
1105	Tissue specimen from anus
1106	Tissue specimen from axilla
1107	Tissue specimen from biopsy of upper aerodigestive tract
1108	Tissue specimen from brain
1109	Tissue specimen from breast
1110	Tissue specimen from bronchus
1111	Tissue specimen from central nervous system
1112	Tissue specimen from colon
1113	Tissue specimen from conjunctiva
1114	Tissue specimen from cornea
1115	Tissue specimen from digestive system
1116	Tissue specimen from ear
1117	Tissue specimen from ectopic pregnancy
1118	Tissue specimen from endometrium
1119	Tissue specimen from esophagus
1120	Tissue specimen from extrahepatic bile duct
1121	Tissue specimen from eye
1122	Tissue specimen from fallopian tube
1123	Tissue specimen from gall bladder
1124	Tissue specimen from gastrointestinal tract
1125	Tissue specimen from genital system
1126	Tissue specimen from heart
1127	Tissue specimen from internal nose
1128	Tissue specimen from kidney
1129	Tissue specimen from large intestine
1130	Tissue specimen from liver
1131	Tissue specimen from liver obtained by excision
1132	Tissue specimen from lung
1133	Tissue specimen from major salivary gland
1134	Tissue specimen from nose obtained by excision
1135	Tissue specimen from ovary
1136	Tissue specimen from pancreas
1137	Tissue specimen from penis
1138	Tissue specimen from placenta
1139	Tissue specimen from pleura
1140	Tissue specimen from prostate
1141	Tissue specimen from renal pelvis
1142	Tissue specimen from respiratory system
1143	Tissue specimen from retina
1144	Tissue specimen from retroperitoneum
1145	Tissue specimen from small intestine
1146	Tissue specimen from stomach
1147	Tissue specimen from testis
1148	Tissue specimen from thoracic mesothelium
1149	Tissue specimen from throat
1150	Tissue specimen from thymus gland
1151	Tissue specimen from thyroid gland
1152	Tissue specimen from trachea
1153	Tissue specimen from transplanted kidney
1154	Tissue specimen from trophoblast
1155	Tissue specimen from ureter
1156	Tissue specimen from urethra
1157	Tissue specimen from urinary tract
1158	Tissue specimen from uterine cervix
1159	Tissue specimen from uterus
1160	Tissue specimen from uvea
1161	Tissue specimen from vagina
1162	Tissue specimen from vulva
1163	Tissue specimen obtained by esophagogastrectomy
1164	Tissue specimen obtained by excision
1165	Tissue specimen obtained for Hodgkin's disease by biopsy
1166	Tissue specimen obtained from extrahepatic bile ducts by biopsy
1167	Tissue specimen obtained from extrahepatic bile ducts by choledochal cyst resection
1168	Tissue specimen obtained from gallbladder by biopsy
1169	Tissue specimen obtained from gallbladder by cholecystectomy with partial hepatectomy
1170	Tissue specimen obtained from small intestine by biopsy
1171	Tissue specimen obtained from ulcer
1172	Tissue specimen obtained from vulva by biopsy
1173	Tissue spot
1174	Toe joint synovial fluid
1175	Tongue biopsy sample
1176	Tonsil biopsy sample
1177	Tonsillectomy sample
1178	Total RNA
1179	Total colectomy sample
1180	Total nephrectomy sample
1181	Total parotidectomy sample
1182	Touch preparation cytologic material
1183	Tracheal biopsy sample
1184	Tracheal cytologic material
1185	Transbronchial lung biopsy sample
1186	Transfusate
1187	Transtracheal aspirate sample
1188	Transudate sample
1189	Trophoblastic tissue obtained by hysterectomy
1190	Trophoblastic tissue obtained by pelvic exenteration
1191	Trophoblastic tissue obtained by radical hysterectomy
1192	Trophoblastic tissue obtained from uterus by dilation and curettage
1193	Tube specimen
1194	Tumor tissue sample
1195	Ultrafiltrate sample
1196	Umbilical cord tissue sample
1197	Unidentified microbial isolate specimen
1198	Unknown
1199	Upper aerodigestive tract cytologic material
1200	Upper gastrointestinal contents specimen
1201	Upper respiratory fluid sample
1202	Upper respiratory fluid specimen obtained by tracheal aspiration
1203	Upper respiratory sample
1204	Upper respiratory swab sample
1205	Upper respiratory tissue sample
1206	Upper respiratory tract cytologic material
1207	Upper urinary tract cytologic material
1208	Ureter biopsy sample
1209	Ureter cytologic material
1210	Ureteric stone sample
1211	Urethra biopsy sample
1212	Urethra cytologic material
1213	Urethral swab
1214	Urinary bladder cytologic material
1215	Urinary bladder tissue sample
1216	Urinary catheter specimen
1217	Urinary collection bag submitted as specimen
1218	Urinary tract cytologic material
1219	Urine collection pad submitted as specimen
1220	Urine sediment specimen
1221	Urine specimen
1222	Urine specimen obtained by clean catch procedure
1223	Urological fluid sample
1224	Vagina cytologic material
1225	Vaginal and cervical cytologic material
1226	Vaginal biopsy sample
1227	Vaginal secretion sample
1228	Vaginal swab
1229	Vaginal vault biopsy sample
1230	Vaginal vault smear sample
1231	Vaginal washout fluid sample
1232	Vas deferens cytologic material
1233	Vas deferens sample
1234	Vascular cannula tip
1235	Vegetation from heart valve
1236	Vegetation from native heart valve
1237	Vegetation from prosthetic heart valve
1238	Vein sample
1239	Venous blood specimen
1240	Venous cannula tip
1241	Vertebral spinous process bone marrow sample
1242	Vesicle fluid sample
1243	Viral RNA
1244	Vitreous humor sample
1245	Vocal cord biopsy sample
1246	Vocal cord cytologic material
1247	Vomitus specimen
1248	Vulva cytologic material
1249	Vulval skin biopsy sample
1250	Vulval swab
1251	Water specimen
1252	White blood cell sample
1253	Whole blood sample
1254	Whole milk sample
1255	Whole tooth specimen
1256	Wound swab
1257	Wrist joint synovial fluid
1258	active lymphocyte population
1259	axillary LN cells
1260	cDNA
1261	cell line
1262	duodenum
1263	embryonic stem cells
1264	gDNA
1265	ilieum LPL/IEL
1266	mesocolonic LN
1267	peptide
1268	plasma
1269	serum
1270	supernatants from infection
1271	total RNA
