<?xml version="1.0" encoding="UTF-8"?>
<!--Exported from LabKey Server at http://localhost:8080/labkey/project/shelby/inventory2/begin.view by doconnor@primate.wisc.edu on Fri Jun 24 16:59:20 CDT 2011-->
<tables xmlns="http://labkey.org/data/xml">
  <table tableName="all_specimens" tableDbType="TABLE">
    <description>SNOMED-CT values for specimens, plus listings from XDHOFS. Attempt to use SNOMED-CT values whenever possible when adding specimen types to specimen_type.</description>
    <columns>
      <column columnName="Key">
        <datatype>integer</datatype>
        <columnTitle>Key</columnTitle>
        <nullable>false</nullable>
        <isKeyField>true</isKeyField>
        <isAutoInc>true</isAutoInc>
      </column>
      <column columnName="Specimen Type">
        <datatype>varchar</datatype>
        <columnTitle>Specimen Type</columnTitle>
      </column>
    </columns>
    <pkColumnName>Key</pkColumnName>
  </table>
  <table tableName="oligo_purification" tableDbType="TABLE">
    <columns>
      <column columnName="oligo_purification">
        <datatype>varchar</datatype>
        <columnTitle>Oligo Purification</columnTitle>
        <nullable>false</nullable>
        <isKeyField>true</isKeyField>
      </column>
    </columns>
    <pkColumnName>oligo_purification</pkColumnName>
  </table>
  <table tableName="specimen_type" tableDbType="TABLE">
    <columns>
      <column columnName="specimen_type">
        <datatype>varchar</datatype>
        <columnTitle>Specimen Type</columnTitle>
        <nullable>false</nullable>
        <isKeyField>true</isKeyField>
      </column>
    </columns>
    <pkColumnName>specimen_type</pkColumnName>
  </table>
  <table tableName="specimen_geographic_origin" tableDbType="TABLE">
    <columns>
      <column columnName="specimen_geographic_origin">
        <datatype>varchar</datatype>
        <columnTitle>Specimen Geographic Origin</columnTitle>
        <nullable>false</nullable>
        <isKeyField>true</isKeyField>
      </column>
    </columns>
    <pkColumnName>specimen_geographic_origin</pkColumnName>
  </table>
  <table tableName="laboratory" tableDbType="TABLE">
    <columns>
      <column columnName="laboratory">
        <datatype>varchar</datatype>
        <columnTitle>Laboratory</columnTitle>
        <nullable>false</nullable>
        <isKeyField>true</isKeyField>
      </column>
    </columns>
    <pkColumnName>laboratory</pkColumnName>
  </table>
  <table tableName="oligo_type" tableDbType="TABLE">
    <columns>
      <column columnName="oligo_type">
        <datatype>varchar</datatype>
        <columnTitle>Oligo Type</columnTitle>
        <nullable>false</nullable>
        <isKeyField>true</isKeyField>
      </column>
    </columns>
    <pkColumnName>oligo_type</pkColumnName>
  </table>
  <table tableName="sample_type" tableDbType="TABLE">
    <columns>
      <column columnName="sample_type">
        <datatype>varchar</datatype>
        <columnTitle>Sample Type</columnTitle>
        <nullable>false</nullable>
        <isKeyField>true</isKeyField>
      </column>
    </columns>
    <pkColumnName>sample_type</pkColumnName>
  </table>
  <table tableName="virus_strain" tableDbType="TABLE">
    <columns>
      <column columnName="virus_strain">
        <datatype>varchar</datatype>
        <columnTitle>Virus Strain</columnTitle>
        <nullable>false</nullable>
        <isKeyField>true</isKeyField>
      </column>
    </columns>
    <pkColumnName>virus_strain</pkColumnName>
  </table>
  <table tableName="specimen_additive" tableDbType="TABLE">
    <columns>
      <column columnName="specimen_additive">
        <datatype>varchar</datatype>
        <columnTitle>Specimen Additive</columnTitle>
        <nullable>false</nullable>
        <isKeyField>true</isKeyField>
      </column>
    </columns>
    <pkColumnName>specimen_additive</pkColumnName>
  </table>
  <table tableName="specimen_institution" tableDbType="TABLE">
    <columns>
      <column columnName="specimen_institution">
        <datatype>varchar</datatype>
        <columnTitle>Specimen Institution</columnTitle>
        <nullable>false</nullable>
        <isKeyField>true</isKeyField>
      </column>
      <column columnName="institution_short">
        <datatype>varchar</datatype>
        <columnTitle>Institution Display Name</columnTitle>
        <description>Display name for specimen_institution field.</description>
      </column>
    </columns>
    <pkColumnName>specimen_institution</pkColumnName>
  </table>
  <table tableName="freezer" tableDbType="TABLE">
    <columns>
      <column columnName="freezer">
        <datatype>varchar</datatype>
        <columnTitle>Freezer</columnTitle>
        <nullable>false</nullable>
        <isKeyField>true</isKeyField>
      </column>
    </columns>
    <pkColumnName>freezer</pkColumnName>
  </table>
  <table tableName="inventory" tableDbType="TABLE">
    <description>list contains all samples in the system</description>
    <columns>
      <column columnName="Key">
        <datatype>integer</datatype>
        <columnTitle>Key</columnTitle>
        <nullable>false</nullable>
        <isKeyField>true</isKeyField>
        <isAutoInc>true</isAutoInc>
      </column>
      <column columnName="status">
        <datatype>varchar</datatype>
        <columnTitle>Sample Availability</columnTitle>
        <description>the status of a sample in the inventory. allowable values defined in 'status' list.</description>
        <dimension>false</dimension>
        <fk>
          <fkDbSchema>lists</fkDbSchema>
          <fkTable>availability</fkTable>
          <fkColumnName>status</fkColumnName>
        </fk>
      </column>
      <column columnName="experiment">
        <datatype>varchar</datatype>
        <columnTitle>Experiment</columnTitle>
        <description>experiment number associated with specific inventory sample.</description>
      </column>
      <column columnName="sample_type">
        <datatype>varchar</datatype>
        <columnTitle>Sample Type</columnTitle>
        <description>the type of sample collected. defined by lookup to 'sample_type' list.</description>
        <dimension>false</dimension>
        <fk>
          <fkDbSchema>lists</fkDbSchema>
          <fkTable>sample_type</fkTable>
          <fkColumnName>sample_type</fkColumnName>
        </fk>
      </column>
      <column columnName="sample_date">
        <datatype>timestamp</datatype>
        <columnTitle>Sample Date</columnTitle>
        <description>for specimens: date the sample was collected. Not necessarily the date the sample is logged into the inventory system.</description>
      </column>
      <column columnName="initials">
        <datatype>varchar</datatype>
        <columnTitle>Investigator Initials</columnTitle>
        <description>initials of the individual who collected the sample being contributed to the inventory. not necessarily the same as the initials of the individual who is uploading the sample into the system.</description>
      </column>
      <column columnName="lab_name">
        <datatype>varchar</datatype>
        <columnTitle>Investigator Laboratory</columnTitle>
        <description>name of the laboratory contributing sample to the inventory. defaults to oconnor.</description>
        <dimension>false</dimension>
        <fk>
          <fkDbSchema>lists</fkDbSchema>
          <fkTable>laboratory</fkTable>
          <fkColumnName>laboratory</fkColumnName>
        </fk>
      </column>
      <column columnName="comments">
        <datatype>varchar</datatype>
        <inputType>textarea</inputType>
        <columnTitle>Comments</columnTitle>
        <description>arbitrary comments associated with a sample</description>
      </column>
      <column columnName="freezer">
        <datatype>varchar</datatype>
        <columnTitle>Freezer</columnTitle>
        <description>freezer where item in inventory is stored</description>
        <dimension>false</dimension>
        <fk>
          <fkDbSchema>lists</fkDbSchema>
          <fkTable>freezer</fkTable>
          <fkColumnName>freezer</fkColumnName>
        </fk>
      </column>
      <column columnName="cane">
        <datatype>varchar</datatype>
        <columnTitle>Cane</columnTitle>
        <description>cane in freezer where item in inventory is stored</description>
      </column>
      <column columnName="shelf">
        <datatype>varchar</datatype>
        <columnTitle>Shelf</columnTitle>
        <description>shelf in freezer where item in inventory is stored</description>
      </column>
      <column columnName="slot">
        <datatype>varchar</datatype>
        <columnTitle>Plate Slot</columnTitle>
        <description>for structured plate storage, slot in rack on shelf where 96-well plate containing item in inventory is stored</description>
      </column>
      <column columnName="coordinate">
        <datatype>varchar</datatype>
        <columnTitle>Sample Coordinate</columnTitle>
        <description>coordinate of well within multiwell plate where item in inventory is stored (e.g., 'A4' if a 96 well plate is used)</description>
      </column>
      <column columnName="box">
        <datatype>varchar</datatype>
        <columnTitle>Box</columnTitle>
        <description>box where item in inventory is stored</description>
      </column>
      <column columnName="box_row">
        <datatype>varchar</datatype>
        <columnTitle>Row</columnTitle>
        <description>row in box where item in inventory is stored</description>
      </column>
      <column columnName="box_column">
        <datatype>varchar</datatype>
        <columnTitle>Column</columnTitle>
        <description>column in box where item in inventory is stored</description>
      </column>
      <column columnName="specimen_id">
        <datatype>varchar</datatype>
        <columnTitle>Specimen ID</columnTitle>
        <description>for specimens: the animal ID or person name/code from which the sample was derived</description>
      </column>
      <column columnName="specimen_type">
        <datatype>varchar</datatype>
        <columnTitle>Specimen Type</columnTitle>
        <description>type of specimen sample</description>
        <dimension>false</dimension>
        <fk>
          <fkDbSchema>lists</fkDbSchema>
          <fkTable>specimen_type</fkTable>
          <fkColumnName>specimen_type</fkColumnName>
        </fk>
      </column>
      <column columnName="specimen_species">
        <datatype>varchar</datatype>
        <columnTitle>Specimen Species</columnTitle>
        <description>for specimens: the species of the individual from which the sample was derived</description>
        <dimension>false</dimension>
        <fk>
          <fkDbSchema>lists</fkDbSchema>
          <fkTable>specimen_species</fkTable>
          <fkColumnName>specimen_species</fkColumnName>
        </fk>
      </column>
      <column columnName="specimen_geographic_origin">
        <datatype>varchar</datatype>
        <columnTitle>Specimen Geographic Origin</columnTitle>
        <description>for specimens:   the animal's ancestral origin (principally for use with macaque samples)</description>
        <dimension>false</dimension>
        <fk>
          <fkDbSchema>lists</fkDbSchema>
          <fkTable>specimen_geographic_origin</fkTable>
          <fkColumnName>specimen_geographic_origin</fkColumnName>
        </fk>
      </column>
      <column columnName="specimen_institution">
        <datatype>varchar</datatype>
        <columnTitle>Specimen Institution</columnTitle>
        <description>for specimens: institution where the sample was derived (principally for macaque samples that may be provided by other labs)</description>
        <dimension>false</dimension>
        <fk>
          <fkDbSchema>lists</fkDbSchema>
          <fkTable>specimen_institution</fkTable>
          <fkColumnName>specimen_institution</fkColumnName>
        </fk>
      </column>
      <column columnName="specimen_collaborator">
        <datatype>varchar</datatype>
        <columnTitle>Specimen Collaborator</columnTitle>
        <description>collaborator who provided the specimen for the inventory</description>
        <dimension>false</dimension>
        <fk>
          <fkDbSchema>lists</fkDbSchema>
          <fkTable>specimen_collaborator</fkTable>
          <fkColumnName>specimen_collaborator</fkColumnName>
        </fk>
      </column>
      <column columnName="specimen_quantity">
        <datatype>varchar</datatype>
        <columnTitle>Specimen Quantity</columnTitle>
        <description>for specimens: amount of sample collected. can be expressed as cell number, volume, or other appropriate measurement.</description>
      </column>
      <column columnName="specimen_additive">
        <datatype>varchar</datatype>
        <columnTitle>Specimen Additive</columnTitle>
        <description>for specimens: additive used to preserve sample (e.g., EDTA, heparin). Defined by lookup to 'additive' list.</description>
        <dimension>false</dimension>
        <fk>
          <fkDbSchema>lists</fkDbSchema>
          <fkTable>specimen_additive</fkTable>
          <fkColumnName>specimen_additive</fkColumnName>
        </fk>
      </column>
      <column columnName="shipped_recipient_name">
        <datatype>varchar</datatype>
        <columnTitle>Shipped Specimen Recipient</columnTitle>
        <description>for specimens: recipient of samples shipped from inventory</description>
      </column>
      <column columnName="shipped_recipient_institution">
        <datatype>varchar</datatype>
        <columnTitle>Shipped Specimen Institution</columnTitle>
        <description>for specimens: institution of recipient receiving specimens from inventory</description>
      </column>
      <column columnName="shipped_date">
        <datatype>timestamp</datatype>
        <columnTitle>Shipped Specimen Date</columnTitle>
        <description>for specimens: date specimens from inventory are shipped</description>
      </column>
      <column columnName="shipped_notes">
        <datatype>varchar</datatype>
        <inputType>textarea</inputType>
        <columnTitle>Shipped Speicmen Notes</columnTitle>
        <description>for specimens: arbitrary notes about shipment of samples from inventory</description>
      </column>
      <column columnName="removed_name">
        <datatype>varchar</datatype>
        <columnTitle>Removed Name</columnTitle>
        <description>name of individual who removes samples from the freezer or uses them up</description>
      </column>
      <column columnName="removed_date">
        <datatype>timestamp</datatype>
        <columnTitle>Removed Date</columnTitle>
        <description>date samples are removed from the freezer / used up</description>
      </column>
      <column columnName="removed_notes">
        <datatype>varchar</datatype>
        <inputType>textarea</inputType>
        <columnTitle>Removed Notes</columnTitle>
        <description>arbitrary notes about removal of samples from freezer</description>
      </column>
      <column columnName="dna_vector">
        <datatype>varchar</datatype>
        <columnTitle>DNA Vector</columnTitle>
        <description>for plasmid vectors: name of plasmid backbone. additional information about plasmid can be stored in comments.</description>
      </column>
      <column columnName="dna_insert">
        <datatype>varchar</datatype>
        <columnTitle>DNA Insert</columnTitle>
        <description>for plasmid vectors: description of plasmid insert (if applicable)</description>
      </column>
      <column columnName="dna_type">
        <datatype>varchar</datatype>
        <columnTitle>DNA Type</columnTitle>
        <description>for plasmid vectors: type of vector preparation (e.g., purified plasmid, glycerol stock)</description>
      </column>
      <column columnName="dna_sequence">
        <datatype>varchar</datatype>
        <inputType>textarea</inputType>
        <columnTitle>DNA Sequence</columnTitle>
        <description>for plasmid vectors: nucleic acid sequence of plasmid and insert.</description>
      </column>
      <column columnName="peptide_number">
        <datatype>integer</datatype>
        <columnTitle>Peptide Number</columnTitle>
        <description>for synthetic peptides: number used within the lab to identify each peptide or peptide pool</description>
        <measure>false</measure>
      </column>
      <column columnName="peptide_vendor">
        <datatype>varchar</datatype>
        <columnTitle>Peptide Vendor</columnTitle>
        <description>for synthetic peptides: vendor for individual peptides. not applicable for peptide pools.</description>
        <fk>
          <fkDbSchema>lists</fkDbSchema>
          <fkTable>peptide_vendor</fkTable>
          <fkColumnName>peptide_vendor</fkColumnName>
        </fk>
      </column>
      <column columnName="peptide_alias">
        <datatype>varchar</datatype>
        <columnTitle>Peptide Alias</columnTitle>
        <description>for synthetic peptides: Informal 'lab name' for individual peptides or peptide pools (e.g,. Gag CM9)</description>
      </column>
      <column columnName="peptide_concentration">
        <datatype>varchar</datatype>
        <columnTitle>Peptide Concentration</columnTitle>
        <description>for synthetic peptides: concentration of peptides</description>
      </column>
      <column columnName="peptide_sequence">
        <datatype>varchar</datatype>
        <columnTitle>Peptide Amino Acid Sequence</columnTitle>
        <description>for individual synthetic peptides: amino acid sequence of synthetic peptide</description>
      </column>
      <column columnName="peptide_target">
        <datatype>varchar</datatype>
        <columnTitle>Peptide Target Sequence</columnTitle>
        <description>for individual synthetic peptides: target sequence an individual peptide was designed against</description>
      </column>
      <column columnName="peptide_mw">
        <datatype>varchar</datatype>
        <columnTitle>Peptide Molecular Weight</columnTitle>
        <description>for individual synthetic peptides: molecular weight of peptide.</description>
      </column>
      <column columnName="peptide_pool_contents">
        <datatype>varchar</datatype>
        <columnTitle>Peptide Pool Contents</columnTitle>
        <description>for synthetic peptide pools: comma delimited list of individual peptides comprising a peptide pool</description>
      </column>
      <column columnName="peptide_mhc_restriction">
        <datatype>varchar</datatype>
        <columnTitle>Peptide MHC Restriction</columnTitle>
        <description>for individual peptides: MHC restriction of putative T cell epitope.</description>
      </column>
      <column columnName="peptide_protein">
        <datatype>varchar</datatype>
        <columnTitle>Peptide Protein</columnTitle>
        <description>Protein from which an individual peptide was derived.</description>
      </column>
      <column columnName="peptide_virus">
        <datatype>varchar</datatype>
        <columnTitle>Peptide Virus Strain</columnTitle>
        <description>Strain of virus peptide is designed against.</description>
      </column>
      <column columnName="oligo_number">
        <datatype>integer</datatype>
        <columnTitle>Oligonucleotide Number</columnTitle>
        <description>for synthetic oligonucleotides: number used within the lab to identify each oligonucleotide</description>
        <measure>false</measure>
      </column>
      <column columnName="oligo_name">
        <datatype>varchar</datatype>
        <columnTitle>Oligonucleotide Name</columnTitle>
        <description>for synthetic oligonucleotides: informal name of oligonucleotide. typically written on side of oligo tubes and used in experiment descriptions.</description>
      </column>
      <column columnName="oligo_sequence">
        <datatype>varchar</datatype>
        <columnTitle>Oligonucleotide Sequence</columnTitle>
        <description>for synthetic oligonucleotides: nucleotide sequence of oligonucleotide, expressed from 5'->3'</description>
      </column>
      <column columnName="oligo_type">
        <datatype>varchar</datatype>
        <columnTitle>Oligonucleotide Type</columnTitle>
        <description>for synthetic oligonucleotides: intended purpose of oligonucleotide (e.g., PCR, Sanger sequencing, cloning, mutagenesis)</description>
        <dimension>false</dimension>
        <fk>
          <fkDbSchema>lists</fkDbSchema>
          <fkTable>oligo_type</fkTable>
          <fkColumnName>oligo_type</fkColumnName>
        </fk>
      </column>
      <column columnName="oligo_modifications">
        <datatype>varchar</datatype>
        <columnTitle>Oligonucleotide Modifications</columnTitle>
        <description>for synthetic oligonucleotides: post-synthesis modifications (e.g., biotinylation)</description>
      </column>
      <column columnName="oligo_target">
        <datatype>varchar</datatype>
        <columnTitle>Oligonucleotide Target Amplicon</columnTitle>
        <description>for synthetic oligonucleotides: target sequence for PCR olignoculeotides</description>
      </column>
      <column columnName="oligo_cognate">
        <datatype>varchar</datatype>
        <columnTitle>Oligonucleotide Cognate Primer</columnTitle>
        <description>for synthetic oligonucleotides: intended cognate primer when two PCR primers are ordered as a pair</description>
      </column>
      <column columnName="oligo_purification">
        <datatype>varchar</datatype>
        <columnTitle>Oligonucleotide Purification</columnTitle>
        <description>for synthetic oligonucleotides: post-synthesis purification of oligonucleotide (e.g., PAGE, desalting)</description>
        <fk>
          <fkDbSchema>lists</fkDbSchema>
          <fkTable>oligo_purification</fkTable>
          <fkColumnName>oligo_purification</fkColumnName>
        </fk>
      </column>
      <column columnName="oligo_melting">
        <datatype>double</datatype>
        <columnTitle>Oligonucleotide Melting Temperature</columnTitle>
        <description>Melting temperature of oligonucleotide (C°)</description>
        <measure>false</measure>
      </column>
      <column columnName="oligo_date">
        <datatype>timestamp</datatype>
        <columnTitle>Oligonucleotide Date Ordered</columnTitle>
        <description>Date oligonucleotide was ordered. Legacy. Should be replaced with createddate for record when this is supported in lists.</description>
      </column>
      <column columnName="cell_type">
        <datatype>varchar</datatype>
        <columnTitle>Cell Type</columnTitle>
        <description>Type of frozen cells in inventory. Defined by lookup to cell_type list.</description>
        <dimension>false</dimension>
        <fk>
          <fkDbSchema>lists</fkDbSchema>
          <fkTable>cell_type</fkTable>
          <fkColumnName>cell_type</fkColumnName>
        </fk>
      </column>
      <column columnName="cell_source">
        <datatype>varchar</datatype>
        <columnTitle>Cell Source</columnTitle>
        <description>Individual or animal from which cells were derived.</description>
      </column>
      <column columnName="cell_concentration">
        <datatype>varchar</datatype>
        <columnTitle>Cell Concentration</columnTitle>
        <description>Concentration of cells in inventory</description>
      </column>
      <column columnName="cell_freeze_date">
        <datatype>timestamp</datatype>
        <columnTitle>Cell Freeze Date</columnTitle>
        <description>Date cells were frozen and stored in inventory.</description>
      </column>
      <column columnName="cell_mhc_restriction">
        <datatype>varchar</datatype>
        <columnTitle>Cell MHC restriction</columnTitle>
        <description>for T cell lines: MHC specificity of responding T cells</description>
      </column>
      <column columnName="cell_peptide_stimulation">
        <datatype>varchar</datatype>
        <columnTitle>Cell Peptide Stimulation</columnTitle>
        <description>for T cell lines: peptide used to stimulate T cells.</description>
      </column>
      <column columnName="cell_passage_number">
        <datatype>varchar</datatype>
        <columnTitle>Cell Passage Number</columnTitle>
        <description>for propagated cell lines: passage number of cells frozen in inventory</description>
      </column>
      <column columnName="cell_transforming_virus">
        <datatype>varchar</datatype>
        <columnTitle>Cell Transforming Virus</columnTitle>
        <description>for immortalized cells: virus used to immortalize cells</description>
      </column>
      <column columnName="virus_strain">
        <datatype>varchar</datatype>
        <columnTitle>Virus Strain</columnTitle>
        <description>Strain of the virus (e.g., SIVmac239)</description>
        <fk>
          <fkDbSchema>lists</fkDbSchema>
          <fkTable>virus_strain</fkTable>
          <fkColumnName>virus_strain</fkColumnName>
        </fk>
      </column>
      <column columnName="virus_freeze_date">
        <datatype>timestamp</datatype>
        <columnTitle>Virus Freeze Date</columnTitle>
        <description>Date the virus stock was frozen.</description>
      </column>
      <column columnName="virus_vl">
        <datatype>double</datatype>
        <columnTitle>Virus Viral Load</columnTitle>
        <description>Viral load of the virus stock, expressed as copies / mL</description>
        <measure>false</measure>
      </column>
      <column columnName="virus_tcid50">
        <datatype>double</datatype>
        <columnTitle>Virus TCID50</columnTitle>
        <description>TCID50 of virus stock. Expressed as number.</description>
        <measure>false</measure>
      </column>
      <column columnName="virus_grown_on">
        <datatype>varchar</datatype>
        <columnTitle>Virus Grown On</columnTitle>
        <description>Cell type used to grow virus stock.</description>
      </column>
      <column columnName="nucleic_extraction">
        <datatype>varchar</datatype>
        <columnTitle>Nucleic Acid Extraction Method</columnTitle>
        <description>Method used to extract nucleic acid.</description>
      </column>
      <column columnName="nucleic_purity">
        <datatype>double</datatype>
        <columnTitle>Nucleic Acid Purity</columnTitle>
        <description>A280:A280 purity of nucleic acid preparation</description>
        <measure>false</measure>
      </column>
      <column columnName="file_active">
        <datatype>integer</datatype>
        <columnTitle>File Active</columnTitle>
        <description>Legacy field. Used to identify active samples in Lasso system. Samples added to Labkey directly won't use this, but this field is useful for queries that use legacy data.</description>
        <measure>false</measure>
      </column>
      <column columnName="modified">
        <datatype>timestamp</datatype>
        <columnTitle>Date Modified</columnTitle>
        <description>Date record modified. Used for legacy data where available. Not current defaultable within Labkey.</description>
      </column>
      <column columnName="created">
        <datatype>timestamp</datatype>
        <columnTitle>Date Created</columnTitle>
        <description>Date record created. This will be imported for legacy data where available. Not currently defaultable in Labkey</description>
      </column>
      <column columnName="GS_Id">
        <datatype>varchar</datatype>
        <columnTitle>GS Id</columnTitle>
      </column>
    </columns>
    <pkColumnName>Key</pkColumnName>
  </table>
  <table tableName="specimen_collaborator" tableDbType="TABLE">
    <columns>
      <column columnName="specimen_collaborator">
        <datatype>varchar</datatype>
        <columnTitle>Specimen Collaborator</columnTitle>
        <nullable>false</nullable>
        <isKeyField>true</isKeyField>
      </column>
    </columns>
    <pkColumnName>specimen_collaborator</pkColumnName>
  </table>
  <table tableName="all_species" tableDbType="TABLE">
    <description>List of all primates. Should be consulted when adding new species to the inventory system so the right latin name is used.</description>
    <columns>
      <column columnName="Key">
        <datatype>integer</datatype>
        <columnTitle>Key</columnTitle>
        <nullable>false</nullable>
        <isKeyField>true</isKeyField>
        <isAutoInc>true</isAutoInc>
      </column>
      <column columnName="Specimen Species">
        <datatype>varchar</datatype>
        <columnTitle>Specimen Species</columnTitle>
      </column>
      <column columnName="Species Common Name">
        <datatype>varchar</datatype>
        <columnTitle>Species Common Name</columnTitle>
      </column>
      <column columnName="Species Short Name">
        <datatype>varchar</datatype>
        <columnTitle>Species Short Name</columnTitle>
      </column>
    </columns>
    <pkColumnName>Key</pkColumnName>
  </table>
  <table tableName="dna_type" tableDbType="TABLE">
    <columns>
      <column columnName="dna_type">
        <datatype>varchar</datatype>
        <columnTitle>Dna Type</columnTitle>
        <nullable>false</nullable>
        <isKeyField>true</isKeyField>
      </column>
    </columns>
    <pkColumnName>dna_type</pkColumnName>
  </table>
  <table tableName="peptide_vendor" tableDbType="TABLE">
    <columns>
      <column columnName="peptide_vendor">
        <datatype>varchar</datatype>
        <columnTitle>Peptide Vendor</columnTitle>
        <nullable>false</nullable>
        <isKeyField>true</isKeyField>
      </column>
    </columns>
    <pkColumnName>peptide_vendor</pkColumnName>
  </table>
  <table tableName="cell_type" tableDbType="TABLE">
    <columns>
      <column columnName="cell_type">
        <datatype>varchar</datatype>
        <columnTitle>Cell Type</columnTitle>
        <nullable>false</nullable>
        <isKeyField>true</isKeyField>
      </column>
    </columns>
    <pkColumnName>cell_type</pkColumnName>
  </table>
  <table tableName="specimen_species" tableDbType="TABLE">
    <columns>
      <column columnName="specimen_species">
        <datatype>varchar</datatype>
        <columnTitle>Specimen Species</columnTitle>
        <nullable>false</nullable>
        <isKeyField>true</isKeyField>
      </column>
      <column columnName="species_common">
        <datatype>varchar</datatype>
        <columnTitle>Species Common Name</columnTitle>
      </column>
      <column columnName="species_short">
        <datatype>varchar</datatype>
        <columnTitle>Species Short Name</columnTitle>
        <description>Commonly known display name for species.</description>
      </column>
    </columns>
    <pkColumnName>specimen_species</pkColumnName>
  </table>
  <table tableName="availability" tableDbType="TABLE">
    <columns>
      <column columnName="status">
        <datatype>varchar</datatype>
        <columnTitle>Status</columnTitle>
        <nullable>false</nullable>
        <isKeyField>true</isKeyField>
      </column>
    </columns>
    <pkColumnName>status</pkColumnName>
  </table>
</tables>