specimen_institution	institution_short
Battelle	Battelle
Cal State-San Marcos	Cal State-San Marcos
Charles River Labs	Charles River Labs
Harvard University	Harvard
New England National Primate Research Center	NEPRC
New Iberia Research Center	New Iberia
NIH - NCI	NIH - NCI
NIH - NIAID	NIH - NIAID
Not applicable	Not applicable
Oregon National Primate Research Center	ONPRC
Primate Products	Primate Products
Rakai Health Sciences Program	Rakai Health Sciences
Tulane National Primate Research Center	TNPRC
University of Miami	U. Miami
University of Sao Paulo	USP
University of Washington	U. Washington
UW-Madison Hospitals and Clinics	UWHC
Wisconsin National Primate Research Center	WNPRC
Yerkes National Primate Research Center	YNPRC
