specimen_species	species_common	species_short
Cercocebus atys	Sooty Mangabey	Sooty mangabey
Chlorocebus pygerythrus	Vervet Monkey	Vervet monkey
Escherichia coli	E. Coli	E. Coli
Homo sapiens	Human	Human
Human immunodeficiency virus	HIV	HIV
Macaca fascicularis	Cynomolgus or Crab-eating Macaque or Long-tailed Macaque or Kera	Cynomolgus macaque
Macaca fuscata	Japanese Macaque	Japanese macaque
Macaca mulatta	Rhesus Macaque	Rhesus macaque
Macaca nemestrina	Southern Pig-tailed Macaque or Beruk	Pig-tailed macaque
