<?xml version="1.0" encoding="UTF-8"?>
<!--Exported from LabKey Server at http://localhost:8080/labkey/project/test/dave/testImport3/begin.view by doconnor@primate.wisc.edu on Fri Jul 01 13:26:17 CDT 2011-->
<tables xmlns="http://labkey.org/data/xml">
  <table tableName="purchases" tableDbType="TABLE">
    <description>Items purchased by the laboratory</description>
    <columns>
      <column columnName="Key">
        <datatype>integer</datatype>
        <columnTitle>Key</columnTitle>
        <nullable>false</nullable>
        <isKeyField>true</isKeyField>
        <isAutoInc>true</isAutoInc>
      </column>
      <column columnName="item">
        <datatype>varchar</datatype>
        <columnTitle>Item Description</columnTitle>
      </column>
      <column columnName="itemNumber">
        <datatype>varchar</datatype>
        <columnTitle>Catalog Number</columnTitle>
      </column>
      <column columnName="quantity">
        <datatype>integer</datatype>
        <columnTitle>Quantity</columnTitle>
        <nullable>false</nullable>
        <measure>false</measure>
      </column>
      <column columnName="unit">
        <datatype>varchar</datatype>
        <columnTitle>Item Unit</columnTitle>
      </column>
      <column columnName="price">
        <datatype>double</datatype>
        <columnTitle>Item Price</columnTitle>
        <nullable>false</nullable>
        <measure>false</measure>
      </column>
      <column columnName="grant">
        <datatype>varchar</datatype>
        <columnTitle>Grant</columnTitle>
        <nullable>false</nullable>
        <fk>
          <fkDbSchema>exp</fkDbSchema>
          <fkTable>active_grants</fkTable>
          <fkColumnName>id</fkColumnName>
        </fk>
      </column>
      <column columnName="vendor">
        <datatype>integer</datatype>
        <columnTitle>Vendor</columnTitle>
        <nullable>false</nullable>
        <dimension>false</dimension>
        <fk>
          <fkDbSchema>lists</fkDbSchema>
          <fkTable>vendors</fkTable>
          <fkColumnName>Key</fkColumnName>
        </fk>
      </column>
      <column columnName="address">
        <datatype>varchar</datatype>
        <inputType>textarea</inputType>
        <columnTitle>Shipping Address</columnTitle>
      </column>
      <column columnName="confirmationNumber">
        <datatype>varchar</datatype>
        <columnTitle>Confirmation Number</columnTitle>
        <shownInInsertView>false</shownInInsertView>
      </column>
      <column columnName="location">
        <datatype>varchar</datatype>
        <columnTitle>Lab Location</columnTitle>
        <shownInInsertView>false</shownInInsertView>
        <shownInUpdateView>false</shownInUpdateView>
      </column>
      <column columnName="status">
        <datatype>integer</datatype>
        <columnTitle>Status</columnTitle>
        <description>current order status</description>
        <dimension>false</dimension>
        <fk>
          <fkDbSchema>lists</fkDbSchema>
          <fkTable>status</fkTable>
          <fkColumnName>Key</fkColumnName>
        </fk>
      </column>
      <column columnName="fileAttachment">
        <datatype>Attachment</datatype>
        <columnTitle>File Attachment</columnTitle>
      </column>
      <column columnName="orderedBy">
        <datatype>varchar</datatype>
        <columnTitle>Ordered By</columnTitle>
        <shownInInsertView>false</shownInInsertView>
        <shownInUpdateView>false</shownInUpdateView>
      </column>
      <column columnName="orderDate">
        <datatype>timestamp</datatype>
        <columnTitle>Order Date</columnTitle>
        <shownInInsertView>false</shownInInsertView>
        <shownInUpdateView>false</shownInUpdateView>
      </column>
      <column columnName="receivedBy">
        <datatype>varchar</datatype>
        <columnTitle>Received By</columnTitle>
        <shownInInsertView>false</shownInInsertView>
        <shownInUpdateView>false</shownInUpdateView>
      </column>
      <column columnName="receivedDate">
        <datatype>timestamp</datatype>
        <columnTitle>Received Date</columnTitle>
        <shownInInsertView>false</shownInInsertView>
        <shownInUpdateView>false</shownInUpdateView>
      </column>
      <column columnName="invoiceNumber">
        <datatype>varchar</datatype>
        <columnTitle>Invoice Number</columnTitle>
        <shownInInsertView>false</shownInInsertView>
        <shownInUpdateView>false</shownInUpdateView>
      </column>
      <column columnName="invoiceDate">
        <datatype>timestamp</datatype>
        <columnTitle>Invoice Date</columnTitle>
        <shownInInsertView>false</shownInInsertView>
        <shownInUpdateView>false</shownInUpdateView>
      </column>
      <column columnName="invoiceBy">
        <datatype>varchar</datatype>
        <columnTitle>Invoice By</columnTitle>
        <shownInInsertView>false</shownInInsertView>
        <shownInUpdateView>false</shownInUpdateView>
      </column>
      <column columnName="comment">
        <datatype>varchar</datatype>
        <columnTitle>Comment</columnTitle>
      </column>
      <column columnName="keyword">
        <datatype>varchar</datatype>
        <columnTitle>Keyword</columnTitle>
      </column>
    </columns>
    <pkColumnName>Key</pkColumnName>
  </table>
  <table tableName="status" tableDbType="TABLE">
    <titleColumn>currentStatus</titleColumn>
    <columns>
      <column columnName="Key">
        <datatype>integer</datatype>
        <columnTitle>Key</columnTitle>
        <nullable>false</nullable>
        <isKeyField>true</isKeyField>
        <isAutoInc>true</isAutoInc>
      </column>
      <column columnName="currentStatus">
        <datatype>varchar</datatype>
        <columnTitle>Current Status</columnTitle>
      </column>
    </columns>
    <pkColumnName>Key</pkColumnName>
  </table>
  <table tableName="grants" tableDbType="TABLE">
    <description>List of grants that can be used for purchases</description>
    <columns>
      <column columnName="id">
        <datatype>varchar</datatype>
        <columnTitle>Id</columnTitle>
        <nullable>false</nullable>
        <isKeyField>true</isKeyField>
      </column>
      <column columnName="title">
        <datatype>varchar</datatype>
        <columnTitle>Grant Title</columnTitle>
        <url><![CDATA[https://wisdm2.doit.wisc.edu/wisdm2/Grants/ProjectSummary.aspx?project=${id}&balType=BudgetBalance]]></url>
      </column>
      <column columnName="fundingSource">
        <datatype>varchar</datatype>
        <columnTitle>Funding Source</columnTitle>
      </column>
      <column columnName="grantType">
        <datatype>varchar</datatype>
        <columnTitle>Grant Mechanism</columnTitle>
      </column>
      <column columnName="department">
        <datatype>varchar</datatype>
        <columnTitle>Department</columnTitle>
        <description>department responsible for ordering</description>
      </column>
      <column columnName="expirationDate">
        <datatype>timestamp</datatype>
        <columnTitle>Expiration Date</columnTitle>
        <description>date grant expires</description>
      </column>
      <column columnName="comments">
        <datatype>varchar</datatype>
        <columnTitle>Comments</columnTitle>
      </column>
    </columns>
    <pkColumnName>id</pkColumnName>
  </table>
  <table tableName="vendors" tableDbType="TABLE">
    <description>List of vendors who sell laboratory products</description>
    <titleColumn>vendor</titleColumn>
    <columns>
      <column columnName="Key">
        <datatype>integer</datatype>
        <columnTitle>Key</columnTitle>
        <nullable>false</nullable>
        <isKeyField>true</isKeyField>
        <isAutoInc>true</isAutoInc>
      </column>
      <column columnName="vendor">
        <datatype>varchar</datatype>
        <columnTitle>Vendor</columnTitle>
        <nullable>false</nullable>
      </column>
      <column columnName="phone">
        <datatype>varchar</datatype>
        <columnTitle>Phone Number</columnTitle>
      </column>
      <column columnName="fax">
        <datatype>varchar</datatype>
        <columnTitle>Fax Number</columnTitle>
      </column>
      <column columnName="email">
        <datatype>varchar</datatype>
        <columnTitle>Email Address</columnTitle>
      </column>
      <column columnName="url">
        <datatype>varchar</datatype>
        <columnTitle>URL</columnTitle>
      </column>
      <column columnName="address">
        <datatype>varchar</datatype>
        <columnTitle>Street Address</columnTitle>
      </column>
      <column columnName="city">
        <datatype>varchar</datatype>
        <columnTitle>City</columnTitle>
      </column>
      <column columnName="state">
        <datatype>varchar</datatype>
        <columnTitle>State</columnTitle>
      </column>
      <column columnName="zip">
        <datatype>varchar</datatype>
        <columnTitle>Zip Code</columnTitle>
      </column>
      <column columnName="po">
        <datatype>varchar</datatype>
        <columnTitle>Purchase Order Number</columnTitle>
      </column>
      <column columnName="comments">
        <datatype>varchar</datatype>
        <columnTitle>Comments</columnTitle>
      </column>
      <column columnName="vendorQuoteNumber">
        <datatype>varchar</datatype>
        <columnTitle>Vendor Quote Number</columnTitle>
      </column>
      <column columnName="vendorQuoteExpirationDate">
        <datatype>timestamp</datatype>
        <columnTitle>Vendor Quote Expiration Date</columnTitle>
      </column>
      <column columnName="vendorQuoteComments">
        <datatype>varchar</datatype>
        <columnTitle>Vendor Quote Comments</columnTitle>
      </column>
      <column columnName="accountNumber">
        <datatype>varchar</datatype>
        <columnTitle>Account Number</columnTitle>
      </column>
    </columns>
    <pkColumnName>Key</pkColumnName>
  </table>
</tables>