Key	vendor	phone	fax	email	url	address	city	state	zip	po	comments	vendorQuoteNumber	vendorQuoteExpirationDate	vendorQuoteComments	accountNumber
101	MacSpeech, Inc.	888-415-7779		sales@macspeech.com		50A Northwestern Drive, Suite 109	Salem	NH	3079						
102	MDS	263-3510								48LD MD02774 / 46ZD M16944 / 33DM MD20143 / 45PD  MD22964 / 29JN  MD24166 / 37RG  MD19646					
103	MDS Dell	MDS website													
104	MediaTech	1-800-235-5476		custserv@cellgro.com		13884 Park Center Road	Herndon	VA	20171						
105	Mekentosj			http://mekentosj.com/papers											
106	Memory to Go	877-308-9800		http://www.memorytogo.com		1610 S. La Cienga Blvd. #106	Los Angeles	CA	90035						
107	Menards Lumber	608-224-2487				6401 Copps Ave	Monona	WI	53716						
108	Microflex	1-800-876-6866				PO Box 32000	Reno	NV	89533-2000						
109	Midwest Scientific	1-800-227-9997	1-800-610-4488	custserv@midsci.com		280 Vance Road	St. Louis	MO	63088						
110	Millipore	(1) (978) 715-4321				290 Concord Rd.	Billerica	MA	1821						
111	Miltenyi Biotech	800 FOR MACS	+1 530 745 2899			12740 Earhart Avenue	Auburn	CA	95602	48LD B956303					
112	Mirus Bio Corporation	1.608.441.2852	1.608.441.2849	sales@mirusbio.com		505 S. Rosa Road, Suite 104	Madison	WI	53719-1267						
113	MJ Research	888-729-2165	702-832-8222		www.mjr.com	590 Lincoln St.	Waltham	MA	2451						
114	MO BIO Laboratories, Inc.	800-606-6246	760-929-0109	orders@mobio.com		2746 Loker Avenue West	Carlsbad	CA	92010						
115	Molecular Research Center, Inc.	800-462-9868	513-841-0080	mrc@mergene.com		5645 Montgomery Road	Cincinnati	OH	45212						
116	MP Biomedicals	(800) 854-0530	(800) 334-6999			29525 Fountain Pkwy	Solon	OH	44139						
117	Nacalai USA Inc	858-404-0403		info@nacalaiusa.com		6640 Lusk Blvd Suite A200	San Diego	CA	92121						
118	Nanodrop Technologies, LLC	302-479-7707	302-792-7155		www.nanodrop.com	3411 Silverside Road, Bancroft Building	Wilmington	DE	19810						
119	National Diagnostics	800-526-3867		info@nationaldiagnostics.com		305 Patton Dr	Atlanta	GA	30336						
120	Nature Publishing Group	212-726-9278	212-679-0843	author-reprints@nature.com		75 Varick St, 9th Floor	New York	NY,	10013-1917						
121	New England BioLabs (NEB)	1-800-632-5227	1-800-632-7440	orderinfo@neb.com		32 Tozer Road	Beverly	MA	01915-5599	PRJ35UC 286K532 / PRJ46ZD 307K112					
122	Novamed Pipette Services	1-800-354-6676	1-847-675-3322			8136 N. Lawndale Ave.	Skokie	IL	60076-3413						
123	Office Depot	1-888-2-OFFICE	1-800-685-5010	bsd.officedepot.com		2200 Old Germantown Road	Delray Beach	FL	33445						
124	OfficeMax	608-833-4111			www.officemax.com	7341 West Towne Way	Madison	WI	53719						
125	Omni Development, Inc.	800-315-OMNI	206-523-5896	info@omnigroup.com		3257 16th Avenue West	Seattle	WA	98119-1760						
126	Omnipilot	954-874-3100	954-874-3110			1815 Griffin Road	Dania Beach	FL	33004						
127	Oregon National Primate Research Center	503-690-5210	503-690-5532	schweike@ohsu.edu		505 NW 185th Ave	Beaverton	OR	97006						
128	Other World Computing	800-275-4576			http://eshop.macsales.com/item/Other%20World%20Computing/SSDMX240/	2650 Bridge Lane	Woodstock	Ill,	60098						
129	Panic Software	1 503 224 3451	1 503 296 2185		https://www.panic.com/coda/buy.html	425 NW 10th Ave Ste 301	Portland	OR	97209						
130	Papers Webstore				http://mekentosj.com/papers/	117 1431 RA Aalsmeer	Amsterdam	Netherlands	34282675						
131	Parallels				http://www.parallels.com/	http://www.parallels.com/									
132	PC Mall	800-555-MALL				2555 West 190th Street	Torrance	CA	90504						
133	Peptide 2.0, Inc.	1-800-301-6268	1-703-637-9863	support@peptide2.com		P.O.Box 223983	Chantilly	VA	20153-3983						
134	Phenix Research Products	800-767-0665	510-264-2030			3540 Arden Road	Hayward	CA	94545						
135	Praxair Distribution Inc.	262-938-6327	262-938-6380	mike_schuster@praxair.com		1426 Parkside Drive	Madison	WI	53704-3618						
136	PreFab Software, Inc.				http://prefabsoftware.com										
137	PremiumSoft	81(0)3-5784-3876				Arethusa Shibuya Bldg 3F, Maruyama-cho 23-2,	Shibuya-ku	Tokyo	150-0044						
138	Primate Products, Inc	305-471-9557	305-471-8983	donnasteiner@primateproducts.com		7780 NW 53rd Street	Miami	FL	33166						
139	ProImmune	(888) 505 7765	(775) 206 4635	enquiries@proimmune.com		1901 60th Place E., Suite L2378,	Bradenton	FL	34203						
140	Promega	800-356-9256	800-356-1970	www.promega.com		2800 Woods Hollow Road	Madison	WI	53711-5399						
141	Prozyme	(800) 457-9444	(510) 638-6919	orders@prozyme.com		3832 Bay Center Place	Hayward	CA	94545-3619						
142	Q-biogene	(800) 854-0530				29525 Fountain Pkwy.									
143	Qiagen	1-800-426-8157	1-800-718-2056	customercare-us@qiagen.com		27220 Turnberry Lane, Suite 200	Valencia	CA	91355	48LD B956336 / PRJ46ZD 307K134					
144	R&D Systems	1-800-343-7475	612-656-4400			614 McKinley Place N.E.	Minneapolis	MN	55413	48LD  B956292					
145	Rad Inks (Pvt) Ltd.	94-11-2912900		sales@radinks.com		9/27 Nuge Road	Peliyagoda		Sri Lanka						
146	Radio Shack	1-800-843-7422			http://www.radioshack.com/										
147	Rainin Instrument, LLC	800-472-4646	781-935-3050	pipets@rainin.com		Rainin Rd.	Woburn	MA	1888	48LD B956432 / PRJ46ZD 307K145					
148	Realmac Software Limited				http://realmacsoftware.com/company/	Castle Square House, 9 Castle Square	Brighton, BN1 EG		UK						
149	Redlex				http://www.redlers.com										
150	Risefly	81-080-5633-9708				5-3-19 Himejima	NishiyodogawaKu	Osaka,	Japan						
151	Roche Applied Science	1-800-428-5433	1-800-428-2883		www.roche-applied-science.com	PO Box 50414 9115 Hague Rd.	Indianapolis	IN	46250-0414	PRJ46ZD 311K883					
152	Science Translational Medicine				www.sheridan.com/aaas/eoc										
153	ScientificNotebook Co.	616-429-8285	616-429-2105			P.O. Box 208	Stevensvill	MI	49127						
154	Sears	800-349-4358		order@sears.com		8374 North 4000 East Rd	Manteno	IL	60950						
155	Service Electric	(608) 241-3377	(608) 241-2811			726 Walsh Road	Madison	WI	53714						
156	Sigma-Aldrich	1-800-325-3010	1-800-325-5052		www.sigmaaldrich.com	P.O Box 14508	St. Louis	MO	63178	"48LD B956071 "					
157	Sonny Software				https://www.sonnysoftware.com/order.html										
158	South River Technologies	410-266-0667	410-266-1191	sales@SouthRiverTech.com		179 Admiral Cochrane Drive Suite 110	Annapolis	MD	21401						
159	Spectrumedix, LLC	814-867-8600	814-867-4513	mvilitski@pectrumedix.com		2124 Old Gatesburg Rd	State College	PA	16801						
160	Springer				www.springer.com										
161	Staples	800-378-2753				4538 Verona Road	Madison	WI	53711						
162	Staples Advantage										MDS website				
163	Stem Cell Technologies Inc.	1.800.667.0322	1.800.567.2899	orders@stemcell.com		570 West Seventh Avenue, Suite 400	Vancouver, BC	V5Z 1B3,	Canada						
164	Stratagene	1-(800) 424-5444	1-512-321-3128	tech_services@stratagene.com		1834 State Highway 71 West	Cedar Creek	TX	78612						
165	Tecan	800 231 0711	408 953 3101	helpdesk-sy@tecan.com		2450 Zanker Road	San Jose	CA	95131						
166	The Gel Company	1-800-256-8596	415-247-8765	gelinfo@gelcompany.com		665 Third St., Suite 240	San Francisco	CA	94107						
167	The Omni Store (education)	206-523-4152	206-523-5896		https://store.omnigroup.com/cgi-bin/WebObjects/OnlineStore.woa/wa/storefront%3fstore=edu	3257 16th Avenue West	Seattle	WA	98119-1760						
168	Thermo Fisher Scientific / Matrix	(1800) 345-0206	6035950106			22 Friars Drive									
169	Tiger Direct	800.800.8300	305.415.2202			7795 West Flagler St., Suite 35	Miami	FL.	33144						
170	Tom Bihn	1-800-729-9607	1 206-621-8264			2203 1st Ave S, Suite 200,	Seattle	WA	98134						
171	Tree Star, Inc.	800-366-6045	541-482-3153	flowjo@treestar.com		340 A Street #101	Ashland	OR	97520						
172	University Book Store	(608)663-BOOK		hslc@uwbookstore.com	www.uwbookstore.com	HSLC-UW School of Medicine									
173	USA Scientific	800-522-8477	352-351-2057	www.usascientific.com		P.O Box 3565	Ocala	FL 34478-3565	USA	PRJ46ZD 307K156					
174	V&P Scientific, Inc.	(858) 455-0643	(858) 455-0703	sales@vp-scientific.com		9823 Pacific Heights Blvd, Suite T	San Diego	CA	92121-4721						
175	Van Mierlo Software Consultancy	31-40-2927704	31-40-2411945	mierlo@dax.nl		Liesbergstraat 9									
176	Vmware	1-877-486-9273	650-427-5001		www.vmware.com		CA 94304	USA							
177	VP-Scientific	(858) 455-0643	(858) 455-0703	sales@vp-scientific.com		9823 Pacific Heights Boulevard, Suite T	San Diego	CA	92121						
178	VWR Scientific	1-800-932-5000	(610)431-9174		www.vwr.com	1310 Goshen Parkway	West Chester	PA	19380						
179	Wake Forest University Health Sciences	336-716-3016				Medical Center Boulevard	Winston Salem	NC	27157						
180	Whatman	1-800-942-8626	1-732-885-6529	whatmaninfo@ge.com											
181	Wilson Wolf	(651) 628-9259	(651) 628-9507	info@wilsonwolf.com		33 - 5th Ave. NW, Suite 700	New Brighton	MN	55112						
182	WinZip Computing					PO Box 540	Mansfield	CT	6268						
183	Wisconsin Integrated Software Catalog	800-590-9787				1210 West Dayton	Madison	WI	53706						
184	YourHead				www.yourhead.com										
185	ZeptoMetrix Corp.	1-800-274-5487	716-882-0959	sales@zeptometrix.com		872 Main Street	Buffalo	NY	14202						
186	Zymo Research	714) 288-9682	(714) 288-9643	info@zymoresearch.com		625 W. Katella Ave., Suite #30,	Orange	CA	92867						
187	Corporate Express	1-888-238-6329	1-888-664-3311			1 Environmental Way	Broomfield	CO	80021						
188	Fluidigm Corporation	314-991-5163		anne.foster@fluidigm.com	http://www.fluidigm.com/	7000 Shoreline Court, Suite 100	South San Francisco	CA	94080						
189	Phenix Research Products	800-767-0665	828-670-7020	sales@phenixresearch.com	http://www.phenixresearch.com/	73 Ridgeway Road	Candler	NC	28715						
190	AbCam	1-888-772-2226	1-866-739-9884	us.orders@abcam.com	www.abcam.com	1 Kendall Square, Suite B2304	Cambridge	MA	02139-1517						
191	Biomatters Ltd.	+64 (0)9 379 5064	+64 (0)9 379 5063	sales@biomatters.com	www.biomatters.com	PO Box 5677, Wellesley St	Auckland 1010	New Zealand							
192	Otogenetics Corporation	855-686-4363	855-339-8150	sales@otogenetics.com	http://www.otogenetics.com/	1860 Montreal Road	Tucker	GA	30084		NexGeneration Exome Sequencing				
193	Kapa Biosystems	7814972933	7814972934	sales@kapabiosystems.com	http://www.kapabiosystems.com/	600 West Cummings Park Suite 2250	Woburn	MA	01801						
194	Olympus America, Inc.	763-567-3496		David.Quinn@olympus.com	www.olympusamerica.com	3500 Corporate Parkway	Center Valley	PA	18034						
195	Immunodiagnostics	(781) 938-6300	(781) 938-7300	immunodx@immunodx.com	http://www.immunodx.com/	1 Presidential Way, Suite 104	Woburn	Ma	01801						
196	Ted Pella Inc	530-243-2200	530-243-3761	sales@tedpella.com	http://tedpella.com	P.O. Box 492477	Redding	CA	96049						
197	CDW Government Inc.	" (800) 594-4239"			https://www.cdwg.com	230 N. Milwaukee Ave	Vernon Hills	IL	60061						
